#,Name,Type,Total,HP,Attack,Defense,Sp. Atk,Sp. Def,Speed,Local_Sprite
1,Bulbasaur,"GRASS
POISON",318,45,49,49,65,65,45,sprites/1-bulbasaur.png
2,Ivysaur,"GRASS
POISON",405,60,62,63,80,80,60,sprites/2-ivysaur.png
3,Venusaur,"GRASS
POISON",525,80,82,83,100,100,80,sprites/3-venusaur.png
3,Mega Venusaur,"GRASS
POISON",625,80,100,123,122,120,80,sprites/3-venusaur-mega.png
4,Charmander,FIRE,309,39,52,43,60,50,65,sprites/4-charmander.png
5,Charmeleon,FIRE,405,58,64,58,80,65,80,sprites/5-charmeleon.png
6,Charizard,"FIRE
FLYING",534,78,84,78,109,85,100,sprites/6-charizard.png
6,Mega Charizard X,"FIRE
DRAGON",634,78,130,111,130,85,100,sprites/6-charizard-megax.png
6,Mega Charizard Y,"FIRE
FLYING",634,78,104,78,159,115,100,sprites/6-charizard-megay.png
7,Squirtle,WATER,314,44,48,65,50,64,43,sprites/7-squirtle.png
8,Wartortle,WATER,405,59,63,80,65,80,58,sprites/8-wartortle.png
9,Blastoise,WATER,530,79,83,100,85,105,78,sprites/9-blastoise.png
9,Mega Blastoise,WATER,630,79,103,120,135,115,78,sprites/9-blastoise-mega.png
10,Caterpie,BUG,195,45,30,35,20,20,45,sprites/10-caterpie.png
11,Metapod,BUG,205,50,20,55,25,25,30,sprites/11-metapod.png
12,Butterfree,"BUG
FLYING",395,60,45,50,90,80,70,sprites/12-butterfree.png
13,Weedle,"BUG
POISON",195,40,35,30,20,20,50,sprites/13-weedle.png
14,Kakuna,"BUG
POISON",205,45,25,50,25,25,35,sprites/14-kakuna.png
15,Beedrill,"BUG
POISON",395,65,90,40,45,80,75,sprites/15-beedrill.png
15,Mega Beedrill,"BUG
POISON",495,65,150,40,15,80,145,sprites/15-beedrill-mega.png
16,Pidgey,"NORMAL
FLYING",251,40,45,40,35,35,56,sprites/16-pidgey.png
17,Pidgeotto,"NORMAL
FLYING",349,63,60,55,50,50,71,sprites/17-pidgeotto.png
18,Pidgeot,"NORMAL
FLYING",479,83,80,75,70,70,101,sprites/18-pidgeot.png
18,Mega Pidgeot,"NORMAL
FLYING",579,83,80,80,135,80,121,sprites/18-pidgeot-mega.png
19,Rattata,NORMAL,253,30,56,35,25,35,72,sprites/19-rattata.png
19,Alolan Rattata,"DARK
NORMAL",253,30,56,35,25,35,72,sprites/19-rattata-alola.png
20,Raticate,NORMAL,413,55,81,60,50,70,97,sprites/20-raticate.png
20,Alolan Raticate,"DARK
NORMAL",413,75,71,70,40,80,77,sprites/20-raticate-alola.png
21,Spearow,"NORMAL
FLYING",262,40,60,30,31,31,70,sprites/21-spearow.png
22,Fearow,"NORMAL
FLYING",442,65,90,65,61,61,100,sprites/22-fearow.png
23,Ekans,POISON,288,35,60,44,40,54,55,sprites/23-ekans.png
24,Arbok,POISON,448,60,95,69,65,79,80,sprites/24-arbok.png
25,Pikachu,ELECTRIC,320,35,55,40,50,50,90,sprites/25-pikachu.png
25,Partner Pikachu,ELECTRIC,430,45,80,50,75,60,120,sprites/25-pikachu-starter.png
26,Raichu,ELECTRIC,485,60,90,55,90,80,110,sprites/26-raichu.png
26,Alolan Raichu,"ELECTRIC
PSYCHIC",485,60,85,50,95,85,110,sprites/26-raichu-alola.png
27,Sandshrew,GROUND,300,50,75,85,20,30,40,sprites/27-sandshrew.png
27,Alolan Sandshrew,"ICE
STEEL",300,50,75,90,10,35,40,sprites/27-sandshrew-alola.png
28,Sandslash,GROUND,450,75,100,110,45,55,65,sprites/28-sandslash.png
28,Alolan Sandslash,"ICE
STEEL",450,75,100,120,25,65,65,sprites/28-sandslash-alola.png
29,Nidoran Female,POISON,275,55,47,52,40,40,41,sprites/29-nidoran.png
30,Nidorina,POISON,365,70,62,67,55,55,56,sprites/30-nidorina.png
31,Nidoqueen,"POISON
GROUND",505,90,92,87,75,85,76,sprites/31-nidoqueen.png
32,Nidoran Male,POISON,273,46,57,40,40,40,50,sprites/32-nidoran.png
33,Nidorino,POISON,365,61,72,57,55,55,65,sprites/33-nidorino.png
34,Nidoking,"POISON
GROUND",505,81,102,77,85,75,85,sprites/34-nidoking.png
35,Clefairy,FAIRY,323,70,45,48,60,65,35,sprites/35-clefairy.png
36,Clefable,FAIRY,483,95,70,73,95,90,60,sprites/36-clefable.png
37,Vulpix,FIRE,299,38,41,40,50,65,65,sprites/37-vulpix.png
37,Alolan Vulpix,ICE,299,38,41,40,50,65,65,sprites/37-vulpix-alola.png
38,Ninetales,FIRE,505,73,76,75,81,100,100,sprites/38-ninetales.png
38,Alolan Ninetales,"ICE
FAIRY",505,73,67,75,81,100,109,sprites/38-ninetales-alola.png
39,Jigglypuff,"NORMAL
FAIRY",270,115,45,20,45,25,20,sprites/39-jigglypuff.png
40,Wigglytuff,"NORMAL
FAIRY",435,140,70,45,85,50,45,sprites/40-wigglytuff.png
41,Zubat,"POISON
FLYING",245,40,45,35,30,40,55,sprites/41-zubat.png
42,Golbat,"POISON
FLYING",455,75,80,70,65,75,90,sprites/42-golbat.png
43,Oddish,"GRASS
POISON",320,45,50,55,75,65,30,sprites/43-oddish.png
44,Gloom,"GRASS
POISON",395,60,65,70,85,75,40,sprites/44-gloom.png
45,Vileplume,"GRASS
POISON",490,75,80,85,110,90,50,sprites/45-vileplume.png
46,Paras,"BUG
GRASS",285,35,70,55,45,55,25,sprites/46-paras.png
47,Parasect,"BUG
GRASS",405,60,95,80,60,80,30,sprites/47-parasect.png
48,Venonat,"BUG
POISON",305,60,55,50,40,55,45,sprites/48-venonat.png
49,Venomoth,"BUG
POISON",450,70,65,60,90,75,90,sprites/49-venomoth.png
50,Diglett,GROUND,265,10,55,25,35,45,95,sprites/50-diglett.png
50,Alolan Diglett,"GROUND
STEEL",265,10,55,30,35,45,90,sprites/50-diglett-alola.png
51,Dugtrio,GROUND,425,35,100,50,50,70,120,sprites/51-dugtrio.png
51,Alolan Dugtrio,"GROUND
STEEL",425,35,100,60,50,70,110,sprites/51-dugtrio-alola.png
52,Meowth,NORMAL,290,40,45,35,40,40,90,sprites/52-meowth.png
52,Alolan Meowth,DARK,290,40,35,35,50,40,90,sprites/52-meowth-alola.png
52,"Meowth
Galarian Meowth",STEEL,290,50,65,55,40,40,40,sprites/52-meowth-galar.png
53,Persian,NORMAL,440,65,70,60,65,65,115,sprites/53-persian.png
53,Alolan Persian,DARK,440,65,60,60,75,65,115,sprites/53-persian-alola.png
54,Psyduck,WATER,320,50,52,48,65,50,55,sprites/54-psyduck.png
55,Golduck,WATER,500,80,82,78,95,80,85,sprites/55-golduck.png
56,Mankey,FIGHTING,305,40,80,35,35,45,70,sprites/56-mankey.png
57,Primeape,FIGHTING,455,65,105,60,60,70,95,sprites/57-primeape.png
58,Growlithe,FIRE,350,55,70,45,70,50,60,sprites/58-growlithe.png
58,Hisuian Growlithe,"FIRE
ROCK",350,60,75,45,65,50,55,sprites/58-growlithe-hisui.png
59,Arcanine,FIRE,555,90,110,80,100,80,95,sprites/59-arcanine.png
59,Hisuian Arcanine,"FIRE
ROCK",555,95,115,80,95,80,90,sprites/59-arcanine-hisui.png
60,Poliwag,WATER,300,40,50,40,40,40,90,sprites/60-poliwag.png
61,Poliwhirl,WATER,385,65,65,65,50,50,90,sprites/61-poliwhirl.png
62,Poliwrath,"WATER
FIGHTING",510,90,95,95,70,90,70,sprites/62-poliwrath.png
63,Abra,PSYCHIC,310,25,20,15,105,55,90,sprites/63-abra.png
64,Kadabra,PSYCHIC,400,40,35,30,120,70,105,sprites/64-kadabra.png
65,Alakazam,PSYCHIC,500,55,50,45,135,95,120,sprites/65-alakazam.png
65,Mega Alakazam,PSYCHIC,600,55,50,65,175,105,150,sprites/65-alakazam-mega.png
66,Machop,FIGHTING,305,70,80,50,35,35,35,sprites/66-machop.png
67,Machoke,FIGHTING,405,80,100,70,50,60,45,sprites/67-machoke.png
68,Machamp,FIGHTING,505,90,130,80,65,85,55,sprites/68-machamp.png
69,Bellsprout,"GRASS
POISON",300,50,75,35,70,30,40,sprites/69-bellsprout.png
70,Weepinbell,"GRASS
POISON",390,65,90,50,85,45,55,sprites/70-weepinbell.png
71,Victreebel,"GRASS
POISON",490,80,105,65,100,70,70,sprites/71-victreebel.png
72,Tentacool,"WATER
POISON",335,40,40,35,50,100,70,sprites/72-tentacool.png
73,Tentacruel,"WATER
POISON",515,80,70,65,80,120,100,sprites/73-tentacruel.png
74,Geodude,"ROCK
GROUND",300,40,80,100,30,30,20,sprites/74-geodude.png
74,Alolan Geodude,"ROCK
ELECTRIC",300,40,80,100,30,30,20,sprites/74-geodude-alola.png
75,Graveler,"ROCK
GROUND",390,55,95,115,45,45,35,sprites/75-graveler.png
75,Alolan Graveler,"ROCK
ELECTRIC",390,55,95,115,45,45,35,sprites/75-graveler-alola.png
76,Golem,"ROCK
GROUND",495,80,120,130,55,65,45,sprites/76-golem.png
76,Alolan Golem,"ROCK
ELECTRIC",495,80,120,130,55,65,45,sprites/76-golem-alola.png
77,Ponyta,FIRE,410,50,85,55,65,65,90,sprites/77-ponyta.png
77,Galarian Ponyta,PSYCHIC,410,50,85,55,65,65,90,sprites/77-ponyta-galar.png
78,Rapidash,FIRE,500,65,100,70,80,80,105,sprites/78-rapidash.png
78,Galarian Rapidash,"PSYCHIC
FAIRY",500,65,100,70,80,80,105,sprites/78-rapidash-galar.png
79,Slowpoke,"WATER
PSYCHIC",315,90,65,65,40,40,15,sprites/79-slowpoke.png
79,Galarian Slowpoke,PSYCHIC,315,90,65,65,40,40,15,sprites/79-slowpoke-galar.png
80,Slowbro,"WATER
PSYCHIC",490,95,75,110,100,80,30,sprites/80-slowbro.png
80,Mega Slowbro,"WATER
PSYCHIC",590,95,75,180,130,80,30,sprites/80-slowbro-mega.png
80,Galarian Slowbro,"POISON
PSYCHIC",490,95,100,95,100,70,30,sprites/80-slowbro-galar.png
81,Magnemite,"ELECTRIC
STEEL",325,25,35,70,95,55,45,sprites/81-magnemite.png
82,Magneton,"ELECTRIC
STEEL",465,50,60,95,120,70,70,sprites/82-magneton.png
83,Farfetch'd,"NORMAL
FLYING",377,52,90,55,58,62,60,sprites/83-farfetchd.png
83,Galarian Farfetch'd,FIGHTING,377,52,95,55,58,62,55,sprites/83-farfetchd-galar.png
84,Doduo,"NORMAL
FLYING",310,35,85,45,35,35,75,sprites/84-doduo.png
85,Dodrio,"NORMAL
FLYING",470,60,110,70,60,60,110,sprites/85-dodrio.png
86,Seel,WATER,325,65,45,55,45,70,45,sprites/86-seel.png
87,Dewgong,"WATER
ICE",475,90,70,80,70,95,70,sprites/87-dewgong.png
88,Grimer,POISON,325,80,80,50,40,50,25,sprites/88-grimer.png
88,Alolan Grimer,"POISON
DARK",325,80,80,50,40,50,25,sprites/88-grimer-alola.png
89,Muk,POISON,500,105,105,75,65,100,50,sprites/89-muk.png
89,Alolan Muk,"POISON
DARK",500,105,105,75,65,100,50,sprites/89-muk-alola.png
90,Shellder,WATER,305,30,65,100,45,25,40,sprites/90-shellder.png
91,Cloyster,"WATER
ICE",525,50,95,180,85,45,70,sprites/91-cloyster.png
92,Gastly,"GHOST
POISON",310,30,35,30,100,35,80,sprites/92-gastly.png
93,Haunter,"GHOST
POISON",405,45,50,45,115,55,95,sprites/93-haunter.png
94,Gengar,"GHOST
POISON",500,60,65,60,130,75,110,sprites/94-gengar.png
94,Mega Gengar,"GHOST
POISON",600,60,65,80,170,95,130,sprites/94-gengar-mega.png
95,Onix,"ROCK
GROUND",385,35,45,160,30,45,70,sprites/95-onix.png
96,Drowzee,PSYCHIC,328,60,48,45,43,90,42,sprites/96-drowzee.png
97,Hypno,PSYCHIC,483,85,73,70,73,115,67,sprites/97-hypno.png
98,Krabby,WATER,325,30,105,90,25,25,50,sprites/98-krabby.png
99,Kingler,WATER,475,55,130,115,50,50,75,sprites/99-kingler.png
100,Voltorb,ELECTRIC,330,40,30,50,55,55,100,sprites/100-voltorb.png
100,Hisuian Voltorb,"ELECTRIC
GRASS",330,40,30,50,55,55,100,sprites/100-voltorb-hisui.png
101,Electrode,ELECTRIC,490,60,50,70,80,80,150,sprites/101-electrode.png
101,Hisuian Electrode,"ELECTRIC
GRASS",490,60,50,70,80,80,150,sprites/101-electrode-hisui.png
102,Exeggcute,"GRASS
PSYCHIC",325,60,40,80,60,45,40,sprites/102-exeggcute.png
103,Exeggutor,"GRASS
PSYCHIC",530,95,95,85,125,75,55,sprites/103-exeggutor.png
103,Alolan Exeggutor,"GRASS
DRAGON",530,95,105,85,125,75,45,sprites/103-exeggutor-alola.png
104,Cubone,GROUND,320,50,50,95,40,50,35,sprites/104-cubone.png
105,Marowak,GROUND,425,60,80,110,50,80,45,sprites/105-marowak.png
105,Alolan Marowak,"FIRE
GHOST",425,60,80,110,50,80,45,sprites/105-marowak-alola.png
106,Hitmonlee,FIGHTING,455,50,120,53,35,110,87,sprites/106-hitmonlee.png
107,Hitmonchan,FIGHTING,455,50,105,79,35,110,76,sprites/107-hitmonchan.png
108,Lickitung,NORMAL,385,90,55,75,60,75,30,sprites/108-lickitung.png
109,Koffing,POISON,340,40,65,95,60,45,35,sprites/109-koffing.png
110,Weezing,POISON,490,65,90,120,85,70,60,sprites/110-weezing.png
110,Galarian Weezing,"POISON
FAIRY",490,65,90,120,85,70,60,sprites/110-weezing-galar.png
111,Rhyhorn,"GROUND
ROCK",345,80,85,95,30,30,25,sprites/111-rhyhorn.png
112,Rhydon,"GROUND
ROCK",485,105,130,120,45,45,40,sprites/112-rhydon.png
113,Chansey,NORMAL,450,250,5,5,35,105,50,sprites/113-chansey.png
114,Tangela,GRASS,435,65,55,115,100,40,60,sprites/114-tangela.png
115,Kangaskhan,NORMAL,490,105,95,80,40,80,90,sprites/115-kangaskhan.png
115,Mega Kangaskhan,NORMAL,590,105,125,100,60,100,100,sprites/115-kangaskhan-mega.png
116,Horsea,WATER,295,30,40,70,70,25,60,sprites/116-horsea.png
117,Seadra,WATER,440,55,65,95,95,45,85,sprites/117-seadra.png
118,Goldeen,WATER,320,45,67,60,35,50,63,sprites/118-goldeen.png
119,Seaking,WATER,450,80,92,65,65,80,68,sprites/119-seaking.png
120,Staryu,WATER,340,30,45,55,70,55,85,sprites/120-staryu.png
121,Starmie,"WATER
PSYCHIC",520,60,75,85,100,85,115,sprites/121-starmie.png
122,Mr. Mime,"PSYCHIC
FAIRY",460,40,45,65,100,120,90,sprites/122-mrmime.png
122,Galarian Mr. Mime,"ICE
PSYCHIC",460,50,65,65,90,90,100,sprites/122-mrmime-galar.png
123,Scyther,"BUG
FLYING",500,70,110,80,55,80,105,sprites/123-scyther.png
124,Jynx,"ICE
PSYCHIC",455,65,50,35,115,95,95,sprites/124-jynx.png
125,Electabuzz,ELECTRIC,490,65,83,57,95,85,105,sprites/125-electabuzz.png
126,Magmar,FIRE,495,65,95,57,100,85,93,sprites/126-magmar.png
127,Pinsir,BUG,500,65,125,100,55,70,85,sprites/127-pinsir.png
127,Mega Pinsir,"BUG
FLYING",600,65,155,120,65,90,105,sprites/127-pinsir-mega.png
128,Tauros,NORMAL,490,75,100,95,40,70,110,sprites/128-tauros.png
128,"Tauros
Combat Breed",FIGHTING,490,75,110,105,30,70,100,sprites/128-tauros-paldeacombat.png
128,"Tauros
Blaze Breed","FIGHTING
FIRE",490,75,110,105,30,70,100,sprites/128-tauros-paldeablaze.png
128,"Tauros
Aqua Breed","FIGHTING
WATER",490,75,110,105,30,70,100,sprites/128-tauros-paldeaaqua.png
129,Magikarp,WATER,200,20,10,55,15,20,80,sprites/129-magikarp.png
130,Gyarados,"WATER
FLYING",540,95,125,79,60,100,81,sprites/130-gyarados.png
130,Mega Gyarados,"WATER
DARK",640,95,155,109,70,130,81,sprites/130-gyarados-mega.png
131,Lapras,"WATER
ICE",535,130,85,80,85,95,60,sprites/131-lapras.png
132,Ditto,NORMAL,288,48,48,48,48,48,48,sprites/132-ditto.png
133,Eevee,NORMAL,325,55,55,50,45,65,55,sprites/133-eevee.png
133,Partner Eevee,NORMAL,435,65,75,70,65,85,75,sprites/133-eevee-starter.png
134,Vaporeon,WATER,525,130,65,60,110,95,65,sprites/134-vaporeon.png
135,Jolteon,ELECTRIC,525,65,65,60,110,95,130,sprites/135-jolteon.png
136,Flareon,FIRE,525,65,130,60,95,110,65,sprites/136-flareon.png
137,Porygon,NORMAL,395,65,60,70,85,75,40,sprites/137-porygon.png
138,Omanyte,"ROCK
WATER",355,35,40,100,90,55,35,sprites/138-omanyte.png
139,Omastar,"ROCK
WATER",495,70,60,125,115,70,55,sprites/139-omastar.png
140,Kabuto,"ROCK
WATER",355,30,80,90,55,45,55,sprites/140-kabuto.png
141,Kabutops,"ROCK
WATER",495,60,115,105,65,70,80,sprites/141-kabutops.png
142,Aerodactyl,"ROCK
FLYING",515,80,105,65,60,75,130,sprites/142-aerodactyl.png
142,Mega Aerodactyl,"ROCK
FLYING",615,80,135,85,70,95,150,sprites/142-aerodactyl-mega.png
143,Snorlax,NORMAL,540,160,110,65,65,110,30,sprites/143-snorlax.png
144,Articuno,"ICE
FLYING",580,90,85,100,95,125,85,sprites/144-articuno.png
144,Galarian Articuno,"PSYCHIC
FLYING",580,90,85,85,125,100,95,sprites/144-articuno-galar.png
145,Zapdos,"ELECTRIC
FLYING",580,90,90,85,125,90,100,sprites/145-zapdos.png
145,Galarian Zapdos,"FIGHTING
FLYING",580,90,125,90,85,90,100,sprites/145-zapdos-galar.png
146,Moltres,"FIRE
FLYING",580,90,100,90,125,85,90,sprites/146-moltres.png
146,Galarian Moltres,"DARK
FLYING",580,90,85,90,100,125,90,sprites/146-moltres-galar.png
147,Dratini,DRAGON,300,41,64,45,50,50,50,sprites/147-dratini.png
148,Dragonair,DRAGON,420,61,84,65,70,70,70,sprites/148-dragonair.png
149,Dragonite,"DRAGON
FLYING",600,91,134,95,100,100,80,sprites/149-dragonite.png
150,Mewtwo,PSYCHIC,680,106,110,90,154,90,130,sprites/150-mewtwo.png
150,Mega Mewtwo X,"PSYCHIC
FIGHTING",780,106,190,100,154,100,130,sprites/150-mewtwo-megax.png
150,Mega Mewtwo Y,PSYCHIC,780,106,150,70,194,120,140,sprites/150-mewtwo-megay.png
151,Mew,PSYCHIC,600,100,100,100,100,100,100,sprites/151-mew.png
152,Chikorita,GRASS,318,45,49,65,49,65,45,sprites/152-chikorita.png
153,Bayleef,GRASS,405,60,62,80,63,80,60,sprites/153-bayleef.png
154,Meganium,GRASS,525,80,82,100,83,100,80,sprites/154-meganium.png
155,Cyndaquil,FIRE,309,39,52,43,60,50,65,sprites/155-cyndaquil.png
156,Quilava,FIRE,405,58,64,58,80,65,80,sprites/156-quilava.png
157,Typhlosion,FIRE,534,78,84,78,109,85,100,sprites/157-typhlosion.png
157,Hisuian Typhlosion,"FIRE
GHOST",534,73,84,78,119,85,95,sprites/157-typhlosion-hisui.png
158,Totodile,WATER,314,50,65,64,44,48,43,sprites/158-totodile.png
159,Croconaw,WATER,405,65,80,80,59,63,58,sprites/159-croconaw.png
160,Feraligatr,WATER,530,85,105,100,79,83,78,sprites/160-feraligatr.png
161,Sentret,NORMAL,215,35,46,34,35,45,20,sprites/161-sentret.png
162,Furret,NORMAL,415,85,76,64,45,55,90,sprites/162-furret.png
163,Hoothoot,"NORMAL
FLYING",262,60,30,30,36,56,50,sprites/163-hoothoot.png
164,Noctowl,"NORMAL
FLYING",452,100,50,50,86,96,70,sprites/164-noctowl.png
165,Ledyba,"BUG
FLYING",265,40,20,30,40,80,55,sprites/165-ledyba.png
166,Ledian,"BUG
FLYING",390,55,35,50,55,110,85,sprites/166-ledian.png
167,Spinarak,"BUG
POISON",250,40,60,40,40,40,30,sprites/167-spinarak.png
168,Ariados,"BUG
POISON",400,70,90,70,60,70,40,sprites/168-ariados.png
169,Crobat,"POISON
FLYING",535,85,90,80,70,80,130,sprites/169-crobat.png
170,Chinchou,"WATER
ELECTRIC",330,75,38,38,56,56,67,sprites/170-chinchou.png
171,Lanturn,"WATER
ELECTRIC",460,125,58,58,76,76,67,sprites/171-lanturn.png
172,Pichu,ELECTRIC,205,20,40,15,35,35,60,sprites/172-pichu.png
173,Cleffa,FAIRY,218,50,25,28,45,55,15,sprites/173-cleffa.png
174,Igglybuff,"NORMAL
FAIRY",210,90,30,15,40,20,15,sprites/174-igglybuff.png
175,Togepi,FAIRY,245,35,20,65,40,65,20,sprites/175-togepi.png
176,Togetic,"FAIRY
FLYING",405,55,40,85,80,105,40,sprites/176-togetic.png
177,Natu,"PSYCHIC
FLYING",320,40,50,45,70,45,70,sprites/177-natu.png
178,Xatu,"PSYCHIC
FLYING",470,65,75,70,95,70,95,sprites/178-xatu.png
179,Mareep,ELECTRIC,280,55,40,40,65,45,35,sprites/179-mareep.png
180,Flaaffy,ELECTRIC,365,70,55,55,80,60,45,sprites/180-flaaffy.png
181,Ampharos,ELECTRIC,510,90,75,85,115,90,55,sprites/181-ampharos.png
181,Mega Ampharos,"ELECTRIC
DRAGON",610,90,95,105,165,110,45,sprites/181-ampharos-mega.png
182,Bellossom,GRASS,490,75,80,95,90,100,50,sprites/182-bellossom.png
183,Marill,"WATER
FAIRY",250,70,20,50,20,50,40,sprites/183-marill.png
184,Azumarill,"WATER
FAIRY",420,100,50,80,60,80,50,sprites/184-azumarill.png
185,Sudowoodo,ROCK,410,70,100,115,30,65,30,sprites/185-sudowoodo.png
186,Politoed,WATER,500,90,75,75,90,100,70,sprites/186-politoed.png
187,Hoppip,"GRASS
FLYING",250,35,35,40,35,55,50,sprites/187-hoppip.png
188,Skiploom,"GRASS
FLYING",340,55,45,50,45,65,80,sprites/188-skiploom.png
189,Jumpluff,"GRASS
FLYING",460,75,55,70,55,95,110,sprites/189-jumpluff.png
190,Aipom,NORMAL,360,55,70,55,40,55,85,sprites/190-aipom.png
191,Sunkern,GRASS,180,30,30,30,30,30,30,sprites/191-sunkern.png
192,Sunflora,GRASS,425,75,75,55,105,85,30,sprites/192-sunflora.png
193,Yanma,"BUG
FLYING",390,65,65,45,75,45,95,sprites/193-yanma.png
194,Wooper,"WATER
GROUND",210,55,45,45,25,25,15,sprites/194-wooper.png
194,Paldean Wooper,"POISON
GROUND",210,55,45,45,25,25,15,sprites/194-wooper-paldea.png
195,Quagsire,"WATER
GROUND",430,95,85,85,65,65,35,sprites/195-quagsire.png
196,Espeon,PSYCHIC,525,65,65,60,130,95,110,sprites/196-espeon.png
197,Umbreon,DARK,525,95,65,110,60,130,65,sprites/197-umbreon.png
198,Murkrow,"DARK
FLYING",405,60,85,42,85,42,91,sprites/198-murkrow.png
199,Slowking,"WATER
PSYCHIC",490,95,75,80,100,110,30,sprites/199-slowking.png
199,Galarian Slowking,"POISON
PSYCHIC",490,95,65,80,110,110,30,sprites/199-slowking-galar.png
200,Misdreavus,GHOST,435,60,60,60,85,85,85,sprites/200-misdreavus.png
201,Unown,PSYCHIC,336,48,72,48,72,48,48,sprites/201-unown.png
202,Wobbuffet,PSYCHIC,405,190,33,58,33,58,33,sprites/202-wobbuffet.png
203,Girafarig,"NORMAL
PSYCHIC",455,70,80,65,90,65,85,sprites/203-girafarig.png
204,Pineco,BUG,290,50,65,90,35,35,15,sprites/204-pineco.png
205,Forretress,"BUG
STEEL",465,75,90,140,60,60,40,sprites/205-forretress.png
206,Dunsparce,NORMAL,415,100,70,70,65,65,45,sprites/206-dunsparce.png
207,Gligar,"GROUND
FLYING",430,65,75,105,35,65,85,sprites/207-gligar.png
208,Steelix,"STEEL
GROUND",510,75,85,200,55,65,30,sprites/208-steelix.png
208,Mega Steelix,"STEEL
GROUND",610,75,125,230,55,95,30,sprites/208-steelix-mega.png
209,Snubbull,FAIRY,300,60,80,50,40,40,30,sprites/209-snubbull.png
210,Granbull,FAIRY,450,90,120,75,60,60,45,sprites/210-granbull.png
211,Qwilfish,"WATER
POISON",440,65,95,85,55,55,85,sprites/211-qwilfish.png
211,Hisuian Qwilfish,"DARK
POISON",440,65,95,85,55,55,85,sprites/211-qwilfish-hisui.png
212,Scizor,"BUG
STEEL",500,70,130,100,55,80,65,sprites/212-scizor.png
212,Mega Scizor,"BUG
STEEL",600,70,150,140,65,100,75,sprites/212-scizor-mega.png
213,Shuckle,"BUG
ROCK",505,20,10,230,10,230,5,sprites/213-shuckle.png
214,Heracross,"BUG
FIGHTING",500,80,125,75,40,95,85,sprites/214-heracross.png
214,Mega Heracross,"BUG
FIGHTING",600,80,185,115,40,105,75,sprites/214-heracross-mega.png
215,Sneasel,"DARK
ICE",430,55,95,55,35,75,115,sprites/215-sneasel.png
215,Hisuian Sneasel,"FIGHTING
POISON",430,55,95,55,35,75,115,sprites/215-sneasel-hisui.png
216,Teddiursa,NORMAL,330,60,80,50,50,50,40,sprites/216-teddiursa.png
217,Ursaring,NORMAL,500,90,130,75,75,75,55,sprites/217-ursaring.png
218,Slugma,FIRE,250,40,40,40,70,40,20,sprites/218-slugma.png
219,Magcargo,"FIRE
ROCK",430,60,50,120,90,80,30,sprites/219-magcargo.png
220,Swinub,"ICE
GROUND",250,50,50,40,30,30,50,sprites/220-swinub.png
221,Piloswine,"ICE
GROUND",450,100,100,80,60,60,50,sprites/221-piloswine.png
222,Corsola,"WATER
ROCK",410,65,55,95,65,95,35,sprites/222-corsola.png
222,Galarian Corsola,GHOST,410,60,55,100,65,100,30,sprites/222-corsola-galar.png
223,Remoraid,WATER,300,35,65,35,65,35,65,sprites/223-remoraid.png
224,Octillery,WATER,480,75,105,75,105,75,45,sprites/224-octillery.png
225,Delibird,"ICE
FLYING",330,45,55,45,65,45,75,sprites/225-delibird.png
226,Mantine,"WATER
FLYING",485,85,40,70,80,140,70,sprites/226-mantine.png
227,Skarmory,"STEEL
FLYING",465,65,80,140,40,70,70,sprites/227-skarmory.png
228,Houndour,"DARK
FIRE",330,45,60,30,80,50,65,sprites/228-houndour.png
229,Houndoom,"DARK
FIRE",500,75,90,50,110,80,95,sprites/229-houndoom.png
229,Mega Houndoom,"DARK
FIRE",600,75,90,90,140,90,115,sprites/229-houndoom-mega.png
230,Kingdra,"WATER
DRAGON",540,75,95,95,95,95,85,sprites/230-kingdra.png
231,Phanpy,GROUND,330,90,60,60,40,40,40,sprites/231-phanpy.png
232,Donphan,GROUND,500,90,120,120,60,60,50,sprites/232-donphan.png
233,Porygon2,NORMAL,515,85,80,90,105,95,60,sprites/233-porygon2.png
234,Stantler,NORMAL,465,73,95,62,85,65,85,sprites/234-stantler.png
235,Smeargle,NORMAL,250,55,20,35,20,45,75,sprites/235-smeargle.png
236,Tyrogue,FIGHTING,210,35,35,35,35,35,35,sprites/236-tyrogue.png
237,Hitmontop,FIGHTING,455,50,95,95,35,110,70,sprites/237-hitmontop.png
238,Smoochum,"ICE
PSYCHIC",305,45,30,15,85,65,65,sprites/238-smoochum.png
239,Elekid,ELECTRIC,360,45,63,37,65,55,95,sprites/239-elekid.png
240,Magby,FIRE,365,45,75,37,70,55,83,sprites/240-magby.png
241,Miltank,NORMAL,490,95,80,105,40,70,100,sprites/241-miltank.png
242,Blissey,NORMAL,540,255,10,10,75,135,55,sprites/242-blissey.png
243,Raikou,ELECTRIC,580,90,85,75,115,100,115,sprites/243-raikou.png
244,Entei,FIRE,580,115,115,85,90,75,100,sprites/244-entei.png
245,Suicune,WATER,580,100,75,115,90,115,85,sprites/245-suicune.png
246,Larvitar,"ROCK
GROUND",300,50,64,50,45,50,41,sprites/246-larvitar.png
247,Pupitar,"ROCK
GROUND",410,70,84,70,65,70,51,sprites/247-pupitar.png
248,Tyranitar,"ROCK
DARK",600,100,134,110,95,100,61,sprites/248-tyranitar.png
248,Mega Tyranitar,"ROCK
DARK",700,100,164,150,95,120,71,sprites/248-tyranitar-mega.png
249,Lugia,"PSYCHIC
FLYING",680,106,90,130,90,154,110,sprites/249-lugia.png
250,Ho-oh,"FIRE
FLYING",680,106,130,90,110,154,90,sprites/250-hooh.png
251,Celebi,"PSYCHIC
GRASS",600,100,100,100,100,100,100,sprites/251-celebi.png
252,Treecko,GRASS,310,40,45,35,65,55,70,sprites/252-treecko.png
253,Grovyle,GRASS,405,50,65,45,85,65,95,sprites/253-grovyle.png
254,Sceptile,GRASS,530,70,85,65,105,85,120,sprites/254-sceptile.png
254,Mega Sceptile,"GRASS
DRAGON",630,70,110,75,145,85,145,sprites/254-sceptile-mega.png
255,Torchic,FIRE,310,45,60,40,70,50,45,sprites/255-torchic.png
256,Combusken,"FIRE
FIGHTING",405,60,85,60,85,60,55,sprites/256-combusken.png
257,Blaziken,"FIRE
FIGHTING",530,80,120,70,110,70,80,sprites/257-blaziken.png
257,Mega Blaziken,"FIRE
FIGHTING",630,80,160,80,130,80,100,sprites/257-blaziken-mega.png
258,Mudkip,WATER,310,50,70,50,50,50,40,sprites/258-mudkip.png
259,Marshtomp,"WATER
GROUND",405,70,85,70,60,70,50,sprites/259-marshtomp.png
260,Swampert,"WATER
GROUND",535,100,110,90,85,90,60,sprites/260-swampert.png
260,Mega Swampert,"WATER
GROUND",635,100,150,110,95,110,70,sprites/260-swampert-mega.png
261,Poochyena,DARK,220,35,55,35,30,30,35,sprites/261-poochyena.png
262,Mightyena,DARK,420,70,90,70,60,60,70,sprites/262-mightyena.png
263,Zigzagoon,NORMAL,240,38,30,41,30,41,60,sprites/263-zigzagoon.png
263,Galarian Zigzagoon,"DARK
NORMAL",240,38,30,41,30,41,60,sprites/263-zigzagoon-galar.png
264,Linoone,NORMAL,420,78,70,61,50,61,100,sprites/264-linoone.png
264,Galarian Linoone,"DARK
NORMAL",420,78,70,61,50,61,100,sprites/264-linoone-galar.png
265,Wurmple,BUG,195,45,45,35,20,30,20,sprites/265-wurmple.png
266,Silcoon,BUG,205,50,35,55,25,25,15,sprites/266-silcoon.png
267,Beautifly,"BUG
FLYING",395,60,70,50,100,50,65,sprites/267-beautifly.png
268,Cascoon,BUG,205,50,35,55,25,25,15,sprites/268-cascoon.png
269,Dustox,"BUG
POISON",385,60,50,70,50,90,65,sprites/269-dustox.png
270,Lotad,"WATER
GRASS",220,40,30,30,40,50,30,sprites/270-lotad.png
271,Lombre,"WATER
GRASS",340,60,50,50,60,70,50,sprites/271-lombre.png
272,Ludicolo,"WATER
GRASS",480,80,70,70,90,100,70,sprites/272-ludicolo.png
273,Seedot,GRASS,220,40,40,50,30,30,30,sprites/273-seedot.png
274,Nuzleaf,"GRASS
DARK",340,70,70,40,60,40,60,sprites/274-nuzleaf.png
275,Shiftry,"GRASS
DARK",480,90,100,60,90,60,80,sprites/275-shiftry.png
276,Taillow,"NORMAL
FLYING",270,40,55,30,30,30,85,sprites/276-taillow.png
277,Swellow,"NORMAL
FLYING",455,60,85,60,75,50,125,sprites/277-swellow.png
278,Wingull,"WATER
FLYING",270,40,30,30,55,30,85,sprites/278-wingull.png
279,Pelipper,"WATER
FLYING",440,60,50,100,95,70,65,sprites/279-pelipper.png
280,Ralts,"PSYCHIC
FAIRY",198,28,25,25,45,35,40,sprites/280-ralts.png
281,Kirlia,"PSYCHIC
FAIRY",278,38,35,35,65,55,50,sprites/281-kirlia.png
282,Gardevoir,"PSYCHIC
FAIRY",518,68,65,65,125,115,80,sprites/282-gardevoir.png
282,Mega Gardevoir,"PSYCHIC
FAIRY",618,68,85,65,165,135,100,sprites/282-gardevoir-mega.png
283,Surskit,"BUG
WATER",269,40,30,32,50,52,65,sprites/283-surskit.png
284,Masquerain,"BUG
FLYING",454,70,60,62,100,82,80,sprites/284-masquerain.png
285,Shroomish,GRASS,295,60,40,60,40,60,35,sprites/285-shroomish.png
286,Breloom,"GRASS
FIGHTING",460,60,130,80,60,60,70,sprites/286-breloom.png
287,Slakoth,NORMAL,280,60,60,60,35,35,30,sprites/287-slakoth.png
288,Vigoroth,NORMAL,440,80,80,80,55,55,90,sprites/288-vigoroth.png
289,Slaking,NORMAL,670,150,160,100,95,65,100,sprites/289-slaking.png
290,Nincada,"BUG
GROUND",266,31,45,90,30,30,40,sprites/290-nincada.png
291,Ninjask,"BUG
FLYING",456,61,90,45,50,50,160,sprites/291-ninjask.png
292,Shedinja,"BUG
GHOST",236,1,90,45,30,30,40,sprites/292-shedinja.png
293,Whismur,NORMAL,240,64,51,23,51,23,28,sprites/293-whismur.png
294,Loudred,NORMAL,360,84,71,43,71,43,48,sprites/294-loudred.png
295,Exploud,NORMAL,490,104,91,63,91,73,68,sprites/295-exploud.png
296,Makuhita,FIGHTING,237,72,60,30,20,30,25,sprites/296-makuhita.png
297,Hariyama,FIGHTING,474,144,120,60,40,60,50,sprites/297-hariyama.png
298,Azurill,"NORMAL
FAIRY",190,50,20,40,20,40,20,sprites/298-azurill.png
299,Nosepass,ROCK,375,30,45,135,45,90,30,sprites/299-nosepass.png
300,Skitty,NORMAL,260,50,45,45,35,35,50,sprites/300-skitty.png
301,Delcatty,NORMAL,400,70,65,65,55,55,90,sprites/301-delcatty.png
302,Sableye,"DARK
GHOST",380,50,75,75,65,65,50,sprites/302-sableye.png
302,Mega Sableye,"DARK
GHOST",480,50,85,125,85,115,20,sprites/302-sableye-mega.png
303,Mawile,"STEEL
FAIRY",380,50,85,85,55,55,50,sprites/303-mawile.png
303,Mega Mawile,"STEEL
FAIRY",480,50,105,125,55,95,50,sprites/303-mawile-mega.png
304,Aron,"STEEL
ROCK",330,50,70,100,40,40,30,sprites/304-aron.png
305,Lairon,"STEEL
ROCK",430,60,90,140,50,50,40,sprites/305-lairon.png
306,Aggron,"STEEL
ROCK",530,70,110,180,60,60,50,sprites/306-aggron.png
306,Mega Aggron,STEEL,630,70,140,230,60,80,50,sprites/306-aggron-mega.png
307,Meditite,"FIGHTING
PSYCHIC",280,30,40,55,40,55,60,sprites/307-meditite.png
308,Medicham,"FIGHTING
PSYCHIC",410,60,60,75,60,75,80,sprites/308-medicham.png
308,Mega Medicham,"FIGHTING
PSYCHIC",510,60,100,85,80,85,100,sprites/308-medicham-mega.png
309,Electrike,ELECTRIC,295,40,45,40,65,40,65,sprites/309-electrike.png
310,Manectric,ELECTRIC,475,70,75,60,105,60,105,sprites/310-manectric.png
310,Mega Manectric,ELECTRIC,575,70,75,80,135,80,135,sprites/310-manectric-mega.png
311,Plusle,ELECTRIC,405,60,50,40,85,75,95,sprites/311-plusle.png
312,Minun,ELECTRIC,405,60,40,50,75,85,95,sprites/312-minun.png
313,Volbeat,BUG,430,65,73,75,47,85,85,sprites/313-volbeat.png
314,Illumise,BUG,430,65,47,75,73,85,85,sprites/314-illumise.png
315,Roselia,"GRASS
POISON",400,50,60,45,100,80,65,sprites/315-roselia.png
316,Gulpin,POISON,302,70,43,53,43,53,40,sprites/316-gulpin.png
317,Swalot,POISON,467,100,73,83,73,83,55,sprites/317-swalot.png
318,Carvanha,"WATER
DARK",305,45,90,20,65,20,65,sprites/318-carvanha.png
319,Sharpedo,"WATER
DARK",460,70,120,40,95,40,95,sprites/319-sharpedo.png
319,Mega Sharpedo,"WATER
DARK",560,70,140,70,110,65,105,sprites/319-sharpedo-mega.png
320,Wailmer,WATER,400,130,70,35,70,35,60,sprites/320-wailmer.png
321,Wailord,WATER,500,170,90,45,90,45,60,sprites/321-wailord.png
322,Numel,"FIRE
GROUND",305,60,60,40,65,45,35,sprites/322-numel.png
323,Camerupt,"FIRE
GROUND",460,70,100,70,105,75,40,sprites/323-camerupt.png
323,Mega Camerupt,"FIRE
GROUND",560,70,120,100,145,105,20,sprites/323-camerupt-mega.png
324,Torkoal,FIRE,470,70,85,140,85,70,20,sprites/324-torkoal.png
325,Spoink,PSYCHIC,330,60,25,35,70,80,60,sprites/325-spoink.png
326,Grumpig,PSYCHIC,470,80,45,65,90,110,80,sprites/326-grumpig.png
327,Spinda,NORMAL,360,60,60,60,60,60,60,sprites/327-spinda.png
328,Trapinch,GROUND,290,45,100,45,45,45,10,sprites/328-trapinch.png
329,Vibrava,"GROUND
DRAGON",340,50,70,50,50,50,70,sprites/329-vibrava.png
330,Flygon,"GROUND
DRAGON",520,80,100,80,80,80,100,sprites/330-flygon.png
331,Cacnea,GRASS,335,50,85,40,85,40,35,sprites/331-cacnea.png
332,Cacturne,"GRASS
DARK",475,70,115,60,115,60,55,sprites/332-cacturne.png
333,Swablu,"NORMAL
FLYING",310,45,40,60,40,75,50,sprites/333-swablu.png
334,Altaria,"DRAGON
FLYING",490,75,70,90,70,105,80,sprites/334-altaria.png
334,Mega Altaria,"DRAGON
FAIRY",590,75,110,110,110,105,80,sprites/334-altaria-mega.png
335,Zangoose,NORMAL,458,73,115,60,60,60,90,sprites/335-zangoose.png
336,Seviper,POISON,458,73,100,60,100,60,65,sprites/336-seviper.png
337,Lunatone,"ROCK
PSYCHIC",460,90,55,65,95,85,70,sprites/337-lunatone.png
338,Solrock,"ROCK
PSYCHIC",460,90,95,85,55,65,70,sprites/338-solrock.png
339,Barboach,"WATER
GROUND",288,50,48,43,46,41,60,sprites/339-barboach.png
340,Whiscash,"WATER
GROUND",468,110,78,73,76,71,60,sprites/340-whiscash.png
341,Corphish,WATER,308,43,80,65,50,35,35,sprites/341-corphish.png
342,Crawdaunt,"WATER
DARK",468,63,120,85,90,55,55,sprites/342-crawdaunt.png
343,Baltoy,"GROUND
PSYCHIC",300,40,40,55,40,70,55,sprites/343-baltoy.png
344,Claydol,"GROUND
PSYCHIC",500,60,70,105,70,120,75,sprites/344-claydol.png
345,Lileep,"ROCK
GRASS",355,66,41,77,61,87,23,sprites/345-lileep.png
346,Cradily,"ROCK
GRASS",495,86,81,97,81,107,43,sprites/346-cradily.png
347,Anorith,"ROCK
BUG",355,45,95,50,40,50,75,sprites/347-anorith.png
348,Armaldo,"ROCK
BUG",495,75,125,100,70,80,45,sprites/348-armaldo.png
349,Feebas,WATER,200,20,15,20,10,55,80,sprites/349-feebas.png
350,Milotic,WATER,540,95,60,79,100,125,81,sprites/350-milotic.png
351,Castform,NORMAL,420,70,70,70,70,70,70,sprites/351-castform.png
351,"Castform
Sunny Form",FIRE,420,70,70,70,70,70,70,sprites/351-castform-sunny.png
351,"Castform
Rainy Form",WATER,420,70,70,70,70,70,70,sprites/351-castform-rainy.png
351,"Castform
Snowy Form",ICE,420,70,70,70,70,70,70,sprites/351-castform-snowy.png
352,Kecleon,NORMAL,440,60,90,70,60,120,40,sprites/352-kecleon.png
353,Shuppet,GHOST,295,44,75,35,63,33,45,sprites/353-shuppet.png
354,Banette,GHOST,455,64,115,65,83,63,65,sprites/354-banette.png
354,Mega Banette,GHOST,555,64,165,75,93,83,75,sprites/354-banette-mega.png
355,Duskull,GHOST,295,20,40,90,30,90,25,sprites/355-duskull.png
356,Dusclops,GHOST,455,40,70,130,60,130,25,sprites/356-dusclops.png
357,Tropius,"GRASS
FLYING",460,99,68,83,72,87,51,sprites/357-tropius.png
358,Chimecho,PSYCHIC,455,75,50,80,95,90,65,sprites/358-chimecho.png
359,Absol,DARK,465,65,130,60,75,60,75,sprites/359-absol.png
359,Mega Absol,DARK,565,65,150,60,115,60,115,sprites/359-absol-mega.png
360,Wynaut,PSYCHIC,260,95,23,48,23,48,23,sprites/360-wynaut.png
361,Snorunt,ICE,300,50,50,50,50,50,50,sprites/361-snorunt.png
362,Glalie,ICE,480,80,80,80,80,80,80,sprites/362-glalie.png
362,Mega Glalie,ICE,580,80,120,80,120,80,100,sprites/362-glalie-mega.png
363,Spheal,"ICE
WATER",290,70,40,50,55,50,25,sprites/363-spheal.png
364,Sealeo,"ICE
WATER",410,90,60,70,75,70,45,sprites/364-sealeo.png
365,Walrein,"ICE
WATER",530,110,80,90,95,90,65,sprites/365-walrein.png
366,Clamperl,WATER,345,35,64,85,74,55,32,sprites/366-clamperl.png
367,Huntail,WATER,485,55,104,105,94,75,52,sprites/367-huntail.png
368,Gorebyss,WATER,485,55,84,105,114,75,52,sprites/368-gorebyss.png
369,Relicanth,"WATER
ROCK",485,100,90,130,45,65,55,sprites/369-relicanth.png
370,Luvdisc,WATER,330,43,30,55,40,65,97,sprites/370-luvdisc.png
371,Bagon,DRAGON,300,45,75,60,40,30,50,sprites/371-bagon.png
372,Shelgon,DRAGON,420,65,95,100,60,50,50,sprites/372-shelgon.png
373,Salamence,"DRAGON
FLYING",600,95,135,80,110,80,100,sprites/373-salamence.png
373,Mega Salamence,"DRAGON
FLYING",700,95,145,130,120,90,120,sprites/373-salamence-mega.png
374,Beldum,"STEEL
PSYCHIC",300,40,55,80,35,60,30,sprites/374-beldum.png
375,Metang,"STEEL
PSYCHIC",420,60,75,100,55,80,50,sprites/375-metang.png
376,Metagross,"STEEL
PSYCHIC",600,80,135,130,95,90,70,sprites/376-metagross.png
376,Mega Metagross,"STEEL
PSYCHIC",700,80,145,150,105,110,110,sprites/376-metagross-mega.png
377,Regirock,ROCK,580,80,100,200,50,100,50,sprites/377-regirock.png
378,Regice,ICE,580,80,50,100,100,200,50,sprites/378-regice.png
379,Registeel,STEEL,580,80,75,150,75,150,50,sprites/379-registeel.png
380,Latias,"DRAGON
PSYCHIC",600,80,80,90,110,130,110,sprites/380-latias.png
380,Mega Latias,"DRAGON
PSYCHIC",700,80,100,120,140,150,110,sprites/380-latias-mega.png
381,Latios,"DRAGON
PSYCHIC",600,80,90,80,130,110,110,sprites/381-latios.png
381,Mega Latios,"DRAGON
PSYCHIC",700,80,130,100,160,120,110,sprites/381-latios-mega.png
382,Kyogre,WATER,670,100,100,90,150,140,90,sprites/382-kyogre.png
382,Primal Kyogre,WATER,770,100,150,90,180,160,90,sprites/382-kyogre-primal.png
383,Groudon,GROUND,670,100,150,140,100,90,90,sprites/383-groudon.png
383,Primal Groudon,"GROUND
FIRE",770,100,180,160,150,90,90,sprites/383-groudon-primal.png
384,Rayquaza,"DRAGON
FLYING",680,105,150,90,150,90,95,sprites/384-rayquaza.png
384,Mega Rayquaza,"DRAGON
FLYING",780,105,180,100,180,100,115,sprites/384-rayquaza-mega.png
385,Jirachi,"STEEL
PSYCHIC",600,100,100,100,100,100,100,sprites/385-jirachi.png
386,"Deoxys
Normal Forme",PSYCHIC,600,50,150,50,150,50,150,sprites/386-deoxys.png
386,"Deoxys
Attack Forme",PSYCHIC,600,50,180,20,180,20,150,sprites/386-deoxys-attack.png
386,"Deoxys
Defense Forme",PSYCHIC,600,50,70,160,70,160,90,sprites/386-deoxys-defense.png
386,"Deoxys
Speed Forme",PSYCHIC,600,50,95,90,95,90,180,sprites/386-deoxys-speed.png
387,Turtwig,GRASS,318,55,68,64,45,55,31,sprites/387-turtwig.png
388,Grotle,GRASS,405,75,89,85,55,65,36,sprites/388-grotle.png
389,Torterra,"GRASS
GROUND",525,95,109,105,75,85,56,sprites/389-torterra.png
390,Chimchar,FIRE,309,44,58,44,58,44,61,sprites/390-chimchar.png
391,Monferno,"FIRE
FIGHTING",405,64,78,52,78,52,81,sprites/391-monferno.png
392,Infernape,"FIRE
FIGHTING",534,76,104,71,104,71,108,sprites/392-infernape.png
393,Piplup,WATER,314,53,51,53,61,56,40,sprites/393-piplup.png
394,Prinplup,WATER,405,64,66,68,81,76,50,sprites/394-prinplup.png
395,Empoleon,"WATER
STEEL",530,84,86,88,111,101,60,sprites/395-empoleon.png
396,Starly,"NORMAL
FLYING",245,40,55,30,30,30,60,sprites/396-starly.png
397,Staravia,"NORMAL
FLYING",340,55,75,50,40,40,80,sprites/397-staravia.png
398,Staraptor,"NORMAL
FLYING",485,85,120,70,50,60,100,sprites/398-staraptor.png
399,Bidoof,NORMAL,250,59,45,40,35,40,31,sprites/399-bidoof.png
400,Bibarel,"NORMAL
WATER",410,79,85,60,55,60,71,sprites/400-bibarel.png
401,Kricketot,BUG,194,37,25,41,25,41,25,sprites/401-kricketot.png
402,Kricketune,BUG,384,77,85,51,55,51,65,sprites/402-kricketune.png
403,Shinx,ELECTRIC,263,45,65,34,40,34,45,sprites/403-shinx.png
404,Luxio,ELECTRIC,363,60,85,49,60,49,60,sprites/404-luxio.png
405,Luxray,ELECTRIC,523,80,120,79,95,79,70,sprites/405-luxray.png
406,Budew,"GRASS
POISON",280,40,30,35,50,70,55,sprites/406-budew.png
407,Roserade,"GRASS
POISON",515,60,70,65,125,105,90,sprites/407-roserade.png
408,Cranidos,ROCK,350,67,125,40,30,30,58,sprites/408-cranidos.png
409,Rampardos,ROCK,495,97,165,60,65,50,58,sprites/409-rampardos.png
410,Shieldon,"ROCK
STEEL",350,30,42,118,42,88,30,sprites/410-shieldon.png
411,Bastiodon,"ROCK
STEEL",495,60,52,168,47,138,30,sprites/411-bastiodon.png
412,"Burmy
Plant Cloak",BUG,224,40,29,45,29,45,36,sprites/412-burmy-plantpng
412,"Burmy
Sandy Cloak",BUG,224,40,29,45,29,45,36,sprites/412-burmy-sandy.png
412,"Burmy
Trash Cloak",BUG,224,40,29,45,29,45,36,sprites/412-burmy-trash.png
413,"Wormadam
Plant Cloak","BUG
GRASS",424,60,59,85,79,105,36,sprites/413-wormadam-plant.png
413,"Wormadam
Sandy Cloak","BUG
GROUND",424,60,79,105,59,85,36,sprites/413-wormadam-sandy.png
413,"Wormadam
Trash Cloak","BUG
STEEL",424,60,69,95,69,95,36,sprites/413-wormadam-trash.png
414,Mothim,"BUG
FLYING",424,70,94,50,94,50,66,sprites/414-mothim.png
415,Combee,"BUG
FLYING",244,30,30,42,30,42,70,sprites/415-combee.png
416,Vespiquen,"BUG
FLYING",474,70,80,102,80,102,40,sprites/416-vespiquen.png
417,Pachirisu,ELECTRIC,405,60,45,70,45,90,95,sprites/417-pachirisu.png
418,Buizel,WATER,330,55,65,35,60,30,85,sprites/418-buizel.png
419,Floatzel,WATER,495,85,105,55,85,50,115,sprites/419-floatzel.png
420,Cherubi,GRASS,275,45,35,45,62,53,35,sprites/420-cherubi.png
421,Cherrim,GRASS,450,70,60,70,87,78,85,sprites/421-cherrim.png
422,Shellos,WATER,325,76,48,48,57,62,34,sprites/422-shellos.png
423,Gastrodon,"WATER
GROUND",475,111,83,68,92,82,39,sprites/423-gastrodon.png
424,Ambipom,NORMAL,482,75,100,66,60,66,115,sprites/424-ambipom.png
425,Drifloon,"GHOST
FLYING",348,90,50,34,60,44,70,sprites/425-drifloon.png
426,Drifblim,"GHOST
FLYING",498,150,80,44,90,54,80,sprites/426-drifblim.png
427,Buneary,NORMAL,350,55,66,44,44,56,85,sprites/427-buneary.png
428,Lopunny,NORMAL,480,65,76,84,54,96,105,sprites/428-lopunny.png
428,Mega Lopunny,"NORMAL
FIGHTING",580,65,136,94,54,96,135,sprites/428-lopunny-mega.png
429,Mismagius,GHOST,495,60,60,60,105,105,105,sprites/429-mismagius.png
430,Honchkrow,"DARK
FLYING",505,100,125,52,105,52,71,sprites/430-honchkrow.png
431,Glameow,NORMAL,310,49,55,42,42,37,85,sprites/431-glameow.png
432,Purugly,NORMAL,452,71,82,64,64,59,112,sprites/432-purugly.png
433,Chingling,PSYCHIC,285,45,30,50,65,50,45,sprites/433-chingling.png
434,Stunky,"POISON
DARK",329,63,63,47,41,41,74,sprites/434-stunky.png
435,Skuntank,"POISON
DARK",479,103,93,67,71,61,84,sprites/435-skuntank.png
436,Bronzor,"STEEL
PSYCHIC",300,57,24,86,24,86,23,sprites/436-bronzor.png
437,Bronzong,"STEEL
PSYCHIC",500,67,89,116,79,116,33,sprites/437-bronzong.png
438,Bonsly,ROCK,290,50,80,95,10,45,10,sprites/438-bonsly.png
439,Mime Jr.,"PSYCHIC
FAIRY",310,20,25,45,70,90,60,sprites/439-mimejr.png
440,Happiny,NORMAL,220,100,5,5,15,65,30,sprites/440-happiny.png
441,Chatot,"NORMAL
FLYING",411,76,65,45,92,42,91,sprites/441-chatot.png
442,Spiritomb,"GHOST
DARK",485,50,92,108,92,108,35,sprites/442-spiritomb.png
443,Gible,"DRAGON
GROUND",300,58,70,45,40,45,42,sprites/443-gible.png
444,Gabite,"DRAGON
GROUND",410,68,90,65,50,55,82,sprites/444-gabite.png
445,Garchomp,"DRAGON
GROUND",600,108,130,95,80,85,102,sprites/445-garchomp.png
445,Mega Garchomp,"DRAGON
GROUND",700,108,170,115,120,95,92,sprites/445-garchomp-mega.png
446,Munchlax,NORMAL,390,135,85,40,40,85,5,sprites/446-munchlax.png
447,Riolu,FIGHTING,285,40,70,40,35,40,60,sprites/447-riolu.png
448,Lucario,"FIGHTING
STEEL",525,70,110,70,115,70,90,sprites/448-lucario.png
448,Mega Lucario,"FIGHTING
STEEL",625,70,145,88,140,70,112,sprites/448-lucario-mega.png
449,Hippopotas,GROUND,330,68,72,78,38,42,32,sprites/449-hippopotas.png
450,Hippowdon,GROUND,525,108,112,118,68,72,47,sprites/450-hippowdon.png
451,Skorupi,"POISON
BUG",330,40,50,90,30,55,65,sprites/451-skorupi.png
452,Drapion,"POISON
DARK",500,70,90,110,60,75,95,sprites/452-drapion.png
453,Croagunk,"POISON
FIGHTING",300,48,61,40,61,40,50,sprites/453-croagunk.png
454,Toxicroak,"POISON
FIGHTING",490,83,106,65,86,65,85,sprites/454-toxicroak.png
455,Carnivine,GRASS,454,74,100,72,90,72,46,sprites/455-carnivine.png
456,Finneon,WATER,330,49,49,56,49,61,66,sprites/456-finneon.png
457,Lumineon,WATER,460,69,69,76,69,86,91,sprites/457-lumineon.png
458,Mantyke,"WATER
FLYING",345,45,20,50,60,120,50,sprites/458-mantyke.png
459,Snover,"GRASS
ICE",334,60,62,50,62,60,40,sprites/459-snover.png
460,Abomasnow,"GRASS
ICE",494,90,92,75,92,85,60,sprites/460-abomasnow.png
460,Mega Abomasnow,"GRASS
ICE",594,90,132,105,132,105,30,sprites/460-abomasnow-mega.png
461,Weavile,"DARK
ICE",510,70,120,65,45,85,125,sprites/461-weavile.png
462,Magnezone,"ELECTRIC
STEEL",535,70,70,115,130,90,60,sprites/462-magnezone.png
463,Lickilicky,NORMAL,515,110,85,95,80,95,50,sprites/463-lickilicky.png
464,Rhyperior,"GROUND
ROCK",535,115,140,130,55,55,40,sprites/464-rhyperior.png
465,Tangrowth,GRASS,535,100,100,125,110,50,50,sprites/465-tangrowth.png
466,Electivire,ELECTRIC,540,75,123,67,95,85,95,sprites/466-electivire.png
467,Magmortar,FIRE,540,75,95,67,125,95,83,sprites/467-magmortar.png
468,Togekiss,"FAIRY
FLYING",545,85,50,95,120,115,80,sprites/468-togekiss.png
469,Yanmega,"BUG
FLYING",515,86,76,86,116,56,95,sprites/469-yanmega.png
470,Leafeon,GRASS,525,65,110,130,60,65,95,sprites/470-leafeon.png
471,Glaceon,ICE,525,65,60,110,130,95,65,sprites/471-glaceon.png
472,Gliscor,"GROUND
FLYING",510,75,95,125,45,75,95,sprites/472-gliscor.png
473,Mamoswine,"ICE
GROUND",530,110,130,80,70,60,80,sprites/473-mamoswine.png
474,Porygon-Z,NORMAL,535,85,80,70,135,75,90,sprites/474-porygonz.png
475,Gallade,"PSYCHIC
FIGHTING",518,68,125,65,65,115,80,sprites/475-gallade.png
475,Mega Gallade,"PSYCHIC
FIGHTING",618,68,165,95,65,115,110,sprites/475-gallade-mega.png
476,Probopass,"ROCK
STEEL",525,60,55,145,75,150,40,sprites/476-probopass.png
477,Dusknoir,GHOST,525,45,100,135,65,135,45,sprites/477-dusknoir.png
478,Froslass,"ICE
GHOST",480,70,80,70,80,70,110,sprites/478-froslass.png
479,Rotom,"ELECTRIC
GHOST",440,50,50,77,95,77,91,sprites/479-rotom.png
479,"Rotom
Heat Rotom","ELECTRIC
FIRE",520,50,65,107,105,107,86,sprites/479-rotom-heat.png
479,"Rotom
Wash Rotom","ELECTRIC
WATER",520,50,65,107,105,107,86,sprites/479-rotom-wash.png
479,"Rotom
Frost Rotom","ELECTRIC
ICE",520,50,65,107,105,107,86,sprites/479-rotom-frost.png
479,"Rotom
Fan Rotom","ELECTRIC
FLYING",520,50,65,107,105,107,86,sprites/479-rotom-fan.png
479,"Rotom
Mow Rotom","ELECTRIC
GRASS",520,50,65,107,105,107,86,sprites/479-rotom-mow.png
480,Uxie,PSYCHIC,580,75,75,130,75,130,95,sprites/480-uxie.png
481,Mesprit,PSYCHIC,580,80,105,105,105,105,80,sprites/481-mesprit.png
482,Azelf,PSYCHIC,580,75,125,70,125,70,115,sprites/482-azelf.png
483,Dialga,"STEEL
DRAGON",680,100,120,120,150,100,90,sprites/483-dialga.png
483,"Dialga
Origin Forme","STEEL
DRAGON",680,100,100,120,150,120,90,sprites/483-dialga-origin.png
484,Palkia,"WATER
DRAGON",680,90,120,100,150,120,100,sprites/484-palkia.png
484,"Palkia
Origin Forme","WATER
DRAGON",680,90,100,100,150,120,120,sprites/484-palkia-origin.png
485,Heatran,"FIRE
STEEL",600,91,90,106,130,106,77,sprites/485-heatran.png
486,Regigigas,NORMAL,670,110,160,110,80,110,100,sprites/486-regigigas.png
487,"Giratina
Altered Forme","GHOST
DRAGON",680,150,100,120,100,120,90,sprites/487-giratina-altered.png
487,"Giratina
Origin Forme","GHOST
DRAGON",680,150,120,100,120,100,90,sprites/487-giratina-origin.png
488,Cresselia,PSYCHIC,580,120,70,110,75,120,85,sprites/488-cresselia.png
489,Phione,WATER,480,80,80,80,80,80,80,sprites/489-phione.png
490,Manaphy,WATER,600,100,100,100,100,100,100,sprites/490-manaphy.png
491,Darkrai,DARK,600,70,90,90,135,90,125,sprites/491-darkrai.png
492,"Shaymin
Land Forme",GRASS,600,100,100,100,100,100,100,sprites/492-shaymin.png
492,"Shaymin
Sky Forme","GRASS
FLYING",600,100,103,75,120,75,127,sprites/492-shaymin-sky.png
493,Arceus,NORMAL,720,120,120,120,120,120,120,sprites/493-arceus.png
494,Victini,"PSYCHIC
FIRE",600,100,100,100,100,100,100,sprites/494-victini.png
495,Snivy,GRASS,308,45,45,55,45,55,63,sprites/495-snivy.png
496,Servine,GRASS,413,60,60,75,60,75,83,sprites/496-servine.png
497,Serperior,GRASS,528,75,75,95,75,95,113,sprites/497-serperior.png
498,Tepig,FIRE,308,65,63,45,45,45,45,sprites/498-tepig.png
499,Pignite,"FIRE
FIGHTING",418,90,93,55,70,55,55,sprites/499-pignite.png
500,Emboar,"FIRE
FIGHTING",528,110,123,65,100,65,65,sprites/500-emboar.png
501,Oshawott,WATER,308,55,55,45,63,45,45,sprites/501-oshawott.png
502,Dewott,WATER,413,75,75,60,83,60,60,sprites/502-dewott.png
503,Samurott,WATER,528,95,100,85,108,70,70,sprites/503-samurott.png
503,Hisuian Samurott,"WATER
DARK",528,90,108,80,100,65,85,sprites/503-samurott-hisui.png
504,Patrat,NORMAL,255,45,55,39,35,39,42,sprites/504-patrat.png
505,Watchog,NORMAL,420,60,85,69,60,69,77,sprites/505-watchog.png
506,Lillipup,NORMAL,275,45,60,45,25,45,55,sprites/506-lillipup.png
507,Herdier,NORMAL,370,65,80,65,35,65,60,sprites/507-herdier.png
508,Stoutland,NORMAL,500,85,110,90,45,90,80,sprites/508-stoutland.png
509,Purrloin,DARK,281,41,50,37,50,37,66,sprites/509-purrloin.png
510,Liepard,DARK,446,64,88,50,88,50,106,sprites/510-liepard.png
511,Pansage,GRASS,316,50,53,48,53,48,64,sprites/511-pansage.png
512,Simisage,GRASS,498,75,98,63,98,63,101,sprites/512-simisage.png
513,Pansear,FIRE,316,50,53,48,53,48,64,sprites/513-pansear.png
514,Simisear,FIRE,498,75,98,63,98,63,101,sprites/514-simisear.png
515,Panpour,WATER,316,50,53,48,53,48,64,sprites/515-panpour.png
516,Simipour,WATER,498,75,98,63,98,63,101,sprites/516-simipour.png
517,Munna,PSYCHIC,292,76,25,45,67,55,24,sprites/517-munna.png
518,Musharna,PSYCHIC,487,116,55,85,107,95,29,sprites/518-musharna.png
519,Pidove,"NORMAL
FLYING",264,50,55,50,36,30,43,sprites/519-pidove.png
520,Tranquill,"NORMAL
FLYING",358,62,77,62,50,42,65,sprites/520-tranquill.png
521,Unfezant,"NORMAL
FLYING",488,80,115,80,65,55,93,sprites/521-unfezant.png
522,Blitzle,ELECTRIC,295,45,60,32,50,32,76,sprites/522-blitzle.png
523,Zebstrika,ELECTRIC,497,75,100,63,80,63,116,sprites/523-zebstrika.png
524,Roggenrola,ROCK,280,55,75,85,25,25,15,sprites/524-roggenrola.png
525,Boldore,ROCK,390,70,105,105,50,40,20,sprites/525-boldore.png
526,Gigalith,ROCK,515,85,135,130,60,80,25,sprites/526-gigalith.png
527,Woobat,"PSYCHIC
FLYING",323,65,45,43,55,43,72,sprites/527-woobat.png
528,Swoobat,"PSYCHIC
FLYING",425,67,57,55,77,55,114,sprites/528-swoobat.png
529,Drilbur,GROUND,328,60,85,40,30,45,68,sprites/529-drilbur.png
530,Excadrill,"GROUND
STEEL",508,110,135,60,50,65,88,sprites/530-excadrill.png
531,Audino,NORMAL,445,103,60,86,60,86,50,sprites/531-audino.png
531,Mega Audino,"NORMAL
FAIRY",545,103,60,126,80,126,50,sprites/531-audino-mega.png
532,Timburr,FIGHTING,305,75,80,55,25,35,35,sprites/532-timburr.png
533,Gurdurr,FIGHTING,405,85,105,85,40,50,40,sprites/533-gurdurr.png
534,Conkeldurr,FIGHTING,505,105,140,95,55,65,45,sprites/534-conkeldurr.png
535,Tympole,WATER,294,50,50,40,50,40,64,sprites/535-tympole.png
536,Palpitoad,"WATER
GROUND",384,75,65,55,65,55,69,sprites/536-palpitoad.png
537,Seismitoad,"WATER
GROUND",509,105,95,75,85,75,74,sprites/537-seismitoad.png
538,Throh,FIGHTING,465,120,100,85,30,85,45,sprites/538-throh.png
539,Sawk,FIGHTING,465,75,125,75,30,75,85,sprites/539-sawk.png
540,Sewaddle,"BUG
GRASS",310,45,53,70,40,60,42,sprites/540-sewaddle.png
541,Swadloon,"BUG
GRASS",380,55,63,90,50,80,42,sprites/541-swadloon.png
542,Leavanny,"BUG
GRASS",500,75,103,80,70,80,92,sprites/542-leavanny.png
543,Venipede,"BUG
POISON",260,30,45,59,30,39,57,sprites/543-venipede.png
544,Whirlipede,"BUG
POISON",360,40,55,99,40,79,47,sprites/544-whirlipede.png
545,Scolipede,"BUG
POISON",485,60,100,89,55,69,112,sprites/545-scolipede.png
546,Cottonee,"GRASS
FAIRY",280,40,27,60,37,50,66,sprites/546-cottonee.png
547,Whimsicott,"GRASS
FAIRY",480,60,67,85,77,75,116,sprites/547-whimsicott.png
548,Petilil,GRASS,280,45,35,50,70,50,30,sprites/548-petilil.png
549,Lilligant,GRASS,480,70,60,75,110,75,90,sprites/549-lilligant.png
549,Hisuian Lilligant,"GRASS
FIGHTING",480,70,105,75,50,75,105,sprites/549-lilligant-hisui.png
550,"Basculin
Red-Striped Form",WATER,460,70,92,65,80,55,98,sprites/550-basculin.png
550,"Basculin
Blue-Striped Form",WATER,460,70,92,65,80,55,98,sprites/550-basculin-bluestriped.png
550,"Basculin
White-Striped Form",WATER,460,70,92,65,80,55,98,sprites/550-basculin-whitestriped.png
551,Sandile,"GROUND
DARK",292,50,72,35,35,35,65,sprites/551-sandile.png
552,Krokorok,"GROUND
DARK",351,60,82,45,45,45,74,sprites/552-krokorok.png
553,Krookodile,"GROUND
DARK",519,95,117,80,65,70,92,sprites/553-krookodile.png
554,Darumaka,FIRE,315,70,90,45,15,45,50,sprites/554-darumaka.png
554,Galarian Darumaka,ICE,315,70,90,45,15,45,50,sprites/554-darumaka-galar.png
555,"Darmanitan
Standard Mode",FIRE,480,105,140,55,30,55,95,sprites/555-darmanitan.png
555,"Darmanitan
Zen Mode","FIRE
PSYCHIC",540,105,30,105,140,105,55,sprites/555-darmanitan-zen.png
555,"Darmanitan
Galarian Standard Mode",ICE,480,105,140,55,30,55,95,sprites/555-darmanitan-galar.png
555,"Darmanitan
Galarian Zen Mode","ICE
FIRE",540,105,160,55,30,55,135,sprites/555-darmanitan-galarzen.png
556,Maractus,GRASS,461,75,86,67,106,67,60,sprites/556-maractus.png
557,Dwebble,"BUG
ROCK",325,50,65,85,35,35,55,sprites/557-dwebble.png
558,Crustle,"BUG
ROCK",485,70,105,125,65,75,45,sprites/558-crustle.png
559,Scraggy,"DARK
FIGHTING",348,50,75,70,35,70,48,sprites/559-scraggy.png
560,Scrafty,"DARK
FIGHTING",488,65,90,115,45,115,58,sprites/560-scrafty.png
561,Sigilyph,"PSYCHIC
FLYING",490,72,58,80,103,80,97,sprites/561-sigilyph.png
562,Yamask,GHOST,303,38,30,85,55,65,30,sprites/562-yamask.png
562,Galarian Yamask,"GROUND
GHOST",303,38,55,85,30,65,30,sprites/562-yamask-galar.png
563,Cofagrigus,GHOST,483,58,50,145,95,105,30,sprites/563-cofagrigus.png
564,Tirtouga,"WATER
ROCK",355,54,78,103,53,45,22,sprites/564-tirtouga.png
565,Carracosta,"WATER
ROCK",495,74,108,133,83,65,32,sprites/565-carracosta.png
566,Archen,"ROCK
FLYING",401,55,112,45,74,45,70,sprites/566-archen.png
567,Archeops,"ROCK
FLYING",567,75,140,65,112,65,110,sprites/567-archeops.png
568,Trubbish,POISON,329,50,50,62,40,62,65,sprites/568-trubbish.png
569,Garbodor,POISON,474,80,95,82,60,82,75,sprites/569-garbodor.png
570,Zorua,DARK,330,40,65,40,80,40,65,sprites/570-zorua.png
570,Hisuian Zorua,"NORMAL
GHOST",330,35,60,40,85,40,70,sprites/570-zorua-hisui.png
571,Zoroark,DARK,510,60,105,60,120,60,105,sprites/571-zoroark.png
571,Hisuian Zoroark,"NORMAL
GHOST",510,55,100,60,125,60,110,sprites/571-zoroark-hisui.png
572,Minccino,NORMAL,300,55,50,40,40,40,75,sprites/572-minccino.png
573,Cinccino,NORMAL,470,75,95,60,65,60,115,sprites/573-cinccino.png
574,Gothita,PSYCHIC,290,45,30,50,55,65,45,sprites/574-gothita.png
575,Gothorita,PSYCHIC,390,60,45,70,75,85,55,sprites/575-gothorita.png
576,Gothitelle,PSYCHIC,490,70,55,95,95,110,65,sprites/576-gothitelle.png
577,Solosis,PSYCHIC,290,45,30,40,105,50,20,sprites/577-solosis.png
578,Duosion,PSYCHIC,370,65,40,50,125,60,30,sprites/578-duosion.png
579,Reuniclus,PSYCHIC,490,110,65,75,125,85,30,sprites/579-reuniclus.png
580,Ducklett,"WATER
FLYING",305,62,44,50,44,50,55,sprites/580-ducklett.png
581,Swanna,"WATER
FLYING",473,75,87,63,87,63,98,sprites/581-swanna.png
582,Vanillite,ICE,305,36,50,50,65,60,44,sprites/582-vanillite.png
583,Vanillish,ICE,395,51,65,65,80,75,59,sprites/583-vanillish.png
584,Vanilluxe,ICE,535,71,95,85,110,95,79,sprites/584-vanilluxe.png
585,Deerling,"NORMAL
GRASS",335,60,60,50,40,50,75,sprites/585-deerling.png
586,Sawsbuck,"NORMAL
GRASS",475,80,100,70,60,70,95,sprites/586-sawsbuck.png
587,Emolga,"ELECTRIC
FLYING",428,55,75,60,75,60,103,sprites/587-emolga.png
588,Karrablast,BUG,315,50,75,45,40,45,60,sprites/588-karrablast.png
589,Escavalier,"BUG
STEEL",495,70,135,105,60,105,20,sprites/589-escavalier.png
590,Foongus,"GRASS
POISON",294,69,55,45,55,55,15,sprites/590-foongus.png
591,Amoonguss,"GRASS
POISON",464,114,85,70,85,80,30,sprites/591-amoonguss.png
592,Frillish,"WATER
GHOST",335,55,40,50,65,85,40,sprites/592-frillish.png
593,Jellicent,"WATER
GHOST",480,100,60,70,85,105,60,sprites/593-jellicent.png
594,Alomomola,WATER,470,165,75,80,40,45,65,sprites/594-alomomola.png
595,Joltik,"BUG
ELECTRIC",319,50,47,50,57,50,65,sprites/595-joltik.png
596,Galvantula,"BUG
ELECTRIC",472,70,77,60,97,60,108,sprites/596-galvantula.png
597,Ferroseed,"GRASS
STEEL",305,44,50,91,24,86,10,sprites/597-ferroseed.png
598,Ferrothorn,"GRASS
STEEL",489,74,94,131,54,116,20,sprites/598-ferrothorn.png
599,Klink,STEEL,300,40,55,70,45,60,30,sprites/599-klink.png
600,Klang,STEEL,440,60,80,95,70,85,50,sprites/600-klang.png
601,Klinklang,STEEL,520,60,100,115,70,85,90,sprites/601-klinklang.png
602,Tynamo,ELECTRIC,275,35,55,40,45,40,60,sprites/602-tynamo.png
603,Eelektrik,ELECTRIC,405,65,85,70,75,70,40,sprites/603-eelektrik.png
604,Eelektross,ELECTRIC,515,85,115,80,105,80,50,sprites/604-eelektross.png
605,Elgyem,PSYCHIC,335,55,55,55,85,55,30,sprites/605-elgyem.png
606,Beheeyem,PSYCHIC,485,75,75,75,125,95,40,sprites/606-beheeyem.png
607,Litwick,"GHOST
FIRE",275,50,30,55,65,55,20,sprites/607-litwick.png
608,Lampent,"GHOST
FIRE",370,60,40,60,95,60,55,sprites/608-lampent.png
609,Chandelure,"GHOST
FIRE",520,60,55,90,145,90,80,sprites/609-chandelure.png
610,Axew,DRAGON,320,46,87,60,30,40,57,sprites/610-axew.png
611,Fraxure,DRAGON,410,66,117,70,40,50,67,sprites/611-fraxure.png
612,Haxorus,DRAGON,540,76,147,90,60,70,97,sprites/612-haxorus.png
613,Cubchoo,ICE,305,55,70,40,60,40,40,sprites/613-cubchoo.png
614,Beartic,ICE,505,95,130,80,70,80,50,sprites/614-beartic.png
615,Cryogonal,ICE,515,80,50,50,95,135,105,sprites/615-cryogonal.png
616,Shelmet,BUG,305,50,40,85,40,65,25,sprites/616-shelmet.png
617,Accelgor,BUG,495,80,70,40,100,60,145,sprites/617-accelgor.png
618,Stunfisk,"GROUND
ELECTRIC",471,109,66,84,81,99,32,sprites/618-stunfisk.png
618,Galarian Stunfisk,"GROUND
STEEL",471,109,81,99,66,84,32,sprites/618-stunfisk-galar.png
619,Mienfoo,FIGHTING,350,45,85,50,55,50,65,sprites/619-mienfoo.png
620,Mienshao,FIGHTING,510,65,125,60,95,60,105,sprites/620-mienshao.png
621,Druddigon,DRAGON,485,77,120,90,60,90,48,sprites/621-druddigon.png
622,Golett,"GROUND
GHOST",303,59,74,50,35,50,35,sprites/622-golett.png
623,Golurk,"GROUND
GHOST",483,89,124,80,55,80,55,sprites/623-golurk.png
624,Pawniard,"DARK
STEEL",340,45,85,70,40,40,60,sprites/624-pawniard.png
625,Bisharp,"DARK
STEEL",490,65,125,100,60,70,70,sprites/625-bisharp.png
626,Bouffalant,NORMAL,490,95,110,95,40,95,55,sprites/626-bouffalant.png
627,Rufflet,"NORMAL
FLYING",350,70,83,50,37,50,60,sprites/627-rufflet.png
628,Braviary,"NORMAL
FLYING",510,100,123,75,57,75,80,sprites/628-braviary.png
628,Hisuian Braviary,"PSYCHIC
FLYING",510,110,83,70,112,70,65,sprites/628-braviary-hisui.png
629,Vullaby,"DARK
FLYING",370,70,55,75,45,65,60,sprites/629-vullaby.png
630,Mandibuzz,"DARK
FLYING",510,110,65,105,55,95,80,sprites/630-mandibuzz.png
631,Heatmor,FIRE,484,85,97,66,105,66,65,sprites/631-heatmor.png
632,Durant,"BUG
STEEL",484,58,109,112,48,48,109,sprites/632-durant.png
633,Deino,"DARK
DRAGON",300,52,65,50,45,50,38,sprites/633-deino.png
634,Zweilous,"DARK
DRAGON",420,72,85,70,65,70,58,sprites/634-zweilous.png
635,Hydreigon,"DARK
DRAGON",600,92,105,90,125,90,98,sprites/635-hydreigon.png
636,Larvesta,"BUG
FIRE",360,55,85,55,50,55,60,sprites/636-larvesta.png
637,Volcarona,"BUG
FIRE",550,85,60,65,135,105,100,sprites/637-volcarona.png
638,Cobalion,"STEEL
FIGHTING",580,91,90,129,90,72,108,sprites/638-cobalion.png
639,Terrakion,"ROCK
FIGHTING",580,91,129,90,72,90,108,sprites/639-terrakion.png
640,Virizion,"GRASS
FIGHTING",580,91,90,72,90,129,108,sprites/640-virizion.png
641,"Tornadus
Incarnate Forme",FLYING,580,79,115,70,125,80,111,sprites/641-tornadus.png
641,"Tornadus
Therian Forme",FLYING,580,79,100,80,110,90,121,sprites/641-tornadus-therian.png
642,"Thundurus
Incarnate Forme","ELECTRIC
FLYING",580,79,115,70,125,80,111,sprites/642-thundurus.png
642,"Thundurus
Therian Forme","ELECTRIC
FLYING",580,79,105,70,145,80,101,sprites/642-thundurus-therian.png
643,Reshiram,"DRAGON
FIRE",680,100,120,100,150,120,90,sprites/643-reshiram.png
644,Zekrom,"DRAGON
ELECTRIC",680,100,150,120,120,100,90,sprites/644-zekrom.png
645,"Landorus
Incarnate Forme","GROUND
FLYING",600,89,125,90,115,80,101,sprites/645-landorus.png
645,"Landorus
Therian Forme","GROUND
FLYING",600,89,145,90,105,80,91,sprites/645-landorus-therian.png
646,Kyurem,"DRAGON
ICE",660,125,130,90,130,90,95,sprites/646-kyurem.png
646,White Kyurem,"DRAGON
ICE",700,125,120,90,170,100,95,sprites/646-kyurem-white.png
646,Black Kyurem,"DRAGON
ICE",700,125,170,100,120,90,95,sprites/646-kyurem-black.png
647,"Keldeo
Ordinary Form","WATER
FIGHTING",580,91,72,90,129,90,108,sprites/647-keldeo.png
647,"Keldeo
Resolute Form","WATER
FIGHTING",580,91,72,90,129,90,108,sprites/647-keldeo-resolute.png
648,"Meloetta
Aria Forme","NORMAL
PSYCHIC",600,100,77,77,128,128,90,sprites/648-meloetta.png
648,"Meloetta
Pirouette Forme","NORMAL
FIGHTING",600,100,128,90,77,77,128,sprites/648-meloetta-pirouette.png
649,Genesect,"BUG
STEEL",600,71,120,95,120,95,99,sprites/649-genesect.png
650,Chespin,GRASS,313,56,61,65,48,45,38,sprites/650-chespin.png
651,Quilladin,GRASS,405,61,78,95,56,58,57,sprites/651-quilladin.png
652,Chesnaught,"GRASS
FIGHTING",530,88,107,122,74,75,64,sprites/652-chesnaught.png
653,Fennekin,FIRE,307,40,45,40,62,60,60,sprites/653-fennekin.png
654,Braixen,FIRE,409,59,59,58,90,70,73,sprites/654-braixen.png
655,Delphox,"FIRE
PSYCHIC",534,75,69,72,114,100,104,sprites/655-delphox.png
656,Froakie,WATER,314,41,56,40,62,44,71,sprites/656-froakie.png
657,Frogadier,WATER,405,54,63,52,83,56,97,sprites/657-frogadier.png
658,Greninja,"WATER
DARK",530,72,95,67,103,71,122,sprites/658-greninja.png
658,Ash-Greninja,"WATER
DARK",640,72,145,67,153,71,132,sprites/658-greninja-ash.png
659,Bunnelby,NORMAL,237,38,36,38,32,36,57,sprites/659-bunnelby.png
660,Diggersby,"NORMAL
GROUND",423,85,56,77,50,77,78,sprites/660-diggersby.png
661,Fletchling,"NORMAL
FLYING",278,45,50,43,40,38,62,sprites/661-fletchling.png
662,Fletchinder,"FIRE
FLYING",382,62,73,55,56,52,84,sprites/662-fletchinder.png
663,Talonflame,"FIRE
FLYING",499,78,81,71,74,69,126,sprites/663-talonflame.png
664,Scatterbug,BUG,200,38,35,40,27,25,35,sprites/664-scatterbug.png
665,Spewpa,BUG,213,45,22,60,27,30,29,sprites/665-spewpa.png
666,Vivillon,"BUG
FLYING",411,80,52,50,90,50,89,sprites/666-vivillon.png
667,Litleo,"FIRE
NORMAL",369,62,50,58,73,54,72,sprites/667-litleo.png
668,Pyroar,"FIRE
NORMAL",507,86,68,72,109,66,106,sprites/668-pyroar.png
669,Flabebe,FAIRY,303,44,38,39,61,79,42,sprites/669-flabebe.png
670,Floette,FAIRY,371,54,45,47,75,98,52,sprites/670-floette.png
671,Florges,FAIRY,552,78,65,68,112,154,75,sprites/671-florges.png
672,Skiddo,GRASS,350,66,65,48,62,57,52,sprites/672-skiddo.png
673,Gogoat,GRASS,531,123,100,62,97,81,68,sprites/673-gogoat.png
674,Pancham,FIGHTING,348,67,82,62,46,48,43,sprites/674-pancham.png
675,Pangoro,"FIGHTING
DARK",495,95,124,78,69,71,58,sprites/675-pangoro.png
676,Furfrou,NORMAL,472,75,80,60,65,90,102,sprites/676-furfrou.png
677,Espurr,PSYCHIC,355,62,48,54,63,60,68,sprites/677-espurr.png
678,"Meowstic
Male",PSYCHIC,466,74,48,76,83,81,104,sprites/678-meowstic.png
678,Meowstic Female,PSYCHIC,466,74,48,76,83,81,104,sprites/678-meowstic-f.png
679,Honedge,"STEEL
GHOST",325,45,80,100,35,37,28,sprites/679-honedge.png
680,Doublade,"STEEL
GHOST",448,59,110,150,45,49,35,sprites/680-doublade.png
681,"Aegislash
Shield Forme","STEEL
GHOST",500,60,50,140,50,140,60,sprites/681-aegislash.png
681,"Aegislash
Blade Forme","STEEL
GHOST",500,60,140,50,140,50,60,sprites/681-aegislash-blade.png
682,Spritzee,FAIRY,341,78,52,60,63,65,23,sprites/682-spritzee.png
683,Aromatisse,FAIRY,462,101,72,72,99,89,29,sprites/683-aromatisse.png
684,Swirlix,FAIRY,341,62,48,66,59,57,49,sprites/684-swirlix.png
685,Slurpuff,FAIRY,480,82,80,86,85,75,72,sprites/685-slurpuff.png
686,Inkay,"DARK
PSYCHIC",288,53,54,53,37,46,45,sprites/686-inkay.png
687,Malamar,"DARK
PSYCHIC",482,86,92,88,68,75,73,sprites/687-malamar.png
688,Binacle,"ROCK
WATER",306,42,52,67,39,56,50,sprites/688-binacle.png
689,Barbaracle,"ROCK
WATER",500,72,105,115,54,86,68,sprites/689-barbaracle.png
690,Skrelp,"POISON
WATER",320,50,60,60,60,60,30,sprites/690-skrelp.png
691,Dragalge,"POISON
DRAGON",494,65,75,90,97,123,44,sprites/691-dragalge.png
692,Clauncher,WATER,330,50,53,62,58,63,44,sprites/692-clauncher.png
693,Clawitzer,WATER,500,71,73,88,120,89,59,sprites/693-clawitzer.png
694,Helioptile,"ELECTRIC
NORMAL",289,44,38,33,61,43,70,sprites/694-helioptile.png
695,Heliolisk,"ELECTRIC
NORMAL",481,62,55,52,109,94,109,sprites/695-heliolisk.png
696,Tyrunt,"ROCK
DRAGON",362,58,89,77,45,45,48,sprites/696-tyrunt.png
697,Tyrantrum,"ROCK
DRAGON",521,82,121,119,69,59,71,sprites/697-tyrantrum.png
698,Amaura,"ROCK
ICE",362,77,59,50,67,63,46,sprites/698-amaura.png
699,Aurorus,"ROCK
ICE",521,123,77,72,99,92,58,sprites/699-aurorus.png
700,Sylveon,FAIRY,525,95,65,65,110,130,60,sprites/700-sylveon.png
701,Hawlucha,"FIGHTING
FLYING",500,78,92,75,74,63,118,sprites/701-hawlucha.png
702,Dedenne,"ELECTRIC
FAIRY",431,67,58,57,81,67,101,sprites/702-dedenne.png
703,Carbink,"ROCK
FAIRY",500,50,50,150,50,150,50,sprites/703-carbink.png
704,Goomy,DRAGON,300,45,50,35,55,75,40,sprites/704-goomy.png
705,Sliggoo,DRAGON,452,68,75,53,83,113,60,sprites/705-sliggoo.png
705,Hisuian Sliggoo,"STEEL
DRAGON",452,58,75,83,83,113,40,sprites/705-sliggoo-hisui.png
706,Goodra,DRAGON,600,90,100,70,110,150,80,sprites/706-goodra.png
706,Hisuian Goodra,"STEEL
DRAGON",600,80,100,100,110,150,60,sprites/706-goodra-hisui.png
707,Klefki,"STEEL
FAIRY",470,57,80,91,80,87,75,sprites/707-klefki.png
708,Phantump,"GHOST
GRASS",309,43,70,48,50,60,38,sprites/708-phantump.png
709,Trevenant,"GHOST
GRASS",474,85,110,76,65,82,56,sprites/709-trevenant.png
710,"Pumpkaboo
Average Size","GHOST
GRASS",335,49,66,70,44,55,51,sprites/710-pumpkaboo.png
710,"Pumpkaboo
Small Size","GHOST
GRASS",335,44,66,70,44,55,56,sprites/710-pumpkaboo-small.png
710,"Pumpkaboo
Large Size","GHOST
GRASS",335,54,66,70,44,55,46,sprites/710-pumpkaboo-large.png
710,"Pumpkaboo
Super Size","GHOST
GRASS",335,59,66,70,44,55,41,sprites/710-pumpkaboo-super.png
711,"Gourgeist
Average Size","GHOST
GRASS",494,65,90,122,58,75,84,sprites/711-gourgeist.png
711,"Gourgeist
Small Size","GHOST
GRASS",494,55,85,122,58,75,99,sprites/711-gourgeist-small.png
711,"Gourgeist
Large Size","GHOST
GRASS",494,75,95,122,58,75,69,sprites/711-gourgeist-large.png
711,"Gourgeist
Super Size","GHOST
GRASS",494,85,100,122,58,75,54,sprites/711-gourgeist-super.png
712,Bergmite,ICE,304,55,69,85,32,35,28,sprites/712-bergmite.png
713,Avalugg,ICE,514,95,117,184,44,46,28,sprites/713-avalugg.png
713,Hisuian Avalugg,"ICE
ROCK",514,95,127,184,34,36,38,sprites/713-avalugg-hisui.png
714,Noibat,"FLYING
DRAGON",245,40,30,35,45,40,55,sprites/714-noibat.png
715,Noivern,"FLYING
DRAGON",535,85,70,80,97,80,123,sprites/715-noivern.png
716,Xerneas,FAIRY,680,126,131,95,131,98,99,sprites/716-xerneas.png
717,Yveltal,"DARK
FLYING",680,126,131,95,131,98,99,sprites/717-yveltal.png
718,"Zygarde
50% Forme","DRAGON
GROUND",600,108,100,121,81,95,95,sprites/718-zygarde.png
718,"Zygarde
10% Forme","DRAGON
GROUND",486,54,100,71,61,85,115,sprites/718-zygarde-10.png
718,"Zygarde
Complete Forme","DRAGON
GROUND",708,216,100,121,91,95,85,sprites/718-zygarde-complete.png
719,Diancie,"ROCK
FAIRY",600,50,100,150,100,150,50,sprites/719-diancie.png
719,Mega Diancie,"ROCK
FAIRY",700,50,160,110,160,110,110,sprites/719-diancie-mega.png
720,"Hoopa
Hoopa Confined","PSYCHIC
GHOST",600,80,110,60,150,130,70,sprites/720-hoopa.png
720,Hoopa Unbound,"PSYCHIC
DARK",680,80,160,60,170,130,80,sprites/720-hoopa-unbound.png
721,Volcanion,"FIRE
WATER",600,80,110,120,130,90,70,sprites/721-volcanion.png
722,Rowlet,"GRASS
FLYING",320,68,55,55,50,50,42,sprites/722-rowlet.png
723,Dartrix,"GRASS
FLYING",420,78,75,75,70,70,52,sprites/723-dartrix.png
724,Decidueye,"GRASS
GHOST",530,78,107,75,100,100,70,sprites/724-decidueye.png
724,Hisuian Decidueye,"GRASS
FIGHTING",530,88,112,80,95,95,60,sprites/724-decidueye-hisui.png
725,Litten,FIRE,320,45,65,40,60,40,70,sprites/725-litten.png
726,Torracat,FIRE,420,65,85,50,80,50,90,sprites/726-torracat.png
727,Incineroar,"FIRE
DARK",530,95,115,90,80,90,60,sprites/727-incineroar.png
728,Popplio,WATER,320,50,54,54,66,56,40,sprites/728-popplio.png
729,Brionne,WATER,420,60,69,69,91,81,50,sprites/729-brionne.png
730,Primarina,"WATER
FAIRY",530,80,74,74,126,116,60,sprites/730-primarina.png
731,Pikipek,"NORMAL
FLYING",265,35,75,30,30,30,65,sprites/731-pikipek.png
732,Trumbeak,"NORMAL
FLYING",355,55,85,50,40,50,75,sprites/732-trumbeak.png
733,Toucannon,"NORMAL
FLYING",485,80,120,75,75,75,60,sprites/733-toucannon.png
734,Yungoos,NORMAL,253,48,70,30,30,30,45,sprites/734-yungoos.png
735,Gumshoos,NORMAL,418,88,110,60,55,60,45,sprites/735-gumshoos.png
736,Grubbin,BUG,300,47,62,45,55,45,46,sprites/736-grubbin.png
737,Charjabug,"BUG
ELECTRIC",400,57,82,95,55,75,36,sprites/737-charjabug.png
738,Vikavolt,"BUG
ELECTRIC",500,77,70,90,145,75,43,sprites/738-vikavolt.png
739,Crabrawler,FIGHTING,338,47,82,57,42,47,63,sprites/739-crabrawler.png
740,Crabominable,"FIGHTING
ICE",478,97,132,77,62,67,43,sprites/740-crabominable.png
741,"Oricorio
Baile Style","FIRE
FLYING",476,75,70,70,98,70,93,sprites/741-oricorio.png
741,"Oricorio
Pom-Pom Style","ELECTRIC
FLYING",476,75,70,70,98,70,93,sprites/741-oricorio-pompom.png
741,"Oricorio
Pa'u Style","PSYCHIC
FLYING",476,75,70,70,98,70,93,sprites/741-oricorio-pau.png
741,"Oricorio
Sensu Style","GHOST
FLYING",476,75,70,70,98,70,93,sprites/741-oricorio-sensu.png
742,Cutiefly,"BUG
FAIRY",304,40,45,40,55,40,84,sprites/742-cutiefly.png
743,Ribombee,"BUG
FAIRY",464,60,55,60,95,70,124,sprites/743-ribombee.png
744,Rockruff,ROCK,280,45,65,40,30,40,60,sprites/744-rockruff.png
744,"Rockruff
Own Tempo Rockruff",ROCK,280,45,65,40,30,40,60,sprites/744-rockruff.png
745,"Lycanroc
Midday Form",ROCK,487,75,115,65,55,65,112,sprites/745-lycanroc.png
745,"Lycanroc
Midnight Form",ROCK,487,85,115,75,55,75,82,sprites/745-lycanroc-midnight.png
745,"Lycanroc
Dusk Form",ROCK,487,75,117,65,55,65,110,sprites/745-lycanroc-dusk.png
746,"Wishiwashi
Solo Form",WATER,175,45,20,20,25,25,40,sprites/746-wishiwashi.png
746,"Wishiwashi
School Form",WATER,620,45,140,130,140,135,30,sprites/746-wishiwashi-school.png
747,Mareanie,"POISON
WATER",305,50,53,62,43,52,45,sprites/747-mareanie.png
748,Toxapex,"POISON
WATER",495,50,63,152,53,142,35,sprites/748-toxapex.png
749,Mudbray,GROUND,385,70,100,70,45,55,45,sprites/749-mudbray.png
750,Mudsdale,GROUND,500,100,125,100,55,85,35,sprites/750-mudsdale.png
751,Dewpider,"WATER
BUG",269,38,40,52,40,72,27,sprites/751-dewpider.png
752,Araquanid,"WATER
BUG",454,68,70,92,50,132,42,sprites/752-araquanid.png
753,Fomantis,GRASS,250,40,55,35,50,35,35,sprites/753-fomantis.png
754,Lurantis,GRASS,480,70,105,90,80,90,45,sprites/754-lurantis.png
755,Morelull,"GRASS
FAIRY",285,40,35,55,65,75,15,sprites/755-morelull.png
756,Shiinotic,"GRASS
FAIRY",405,60,45,80,90,100,30,sprites/756-shiinotic.png
757,Salandit,"POISON
FIRE",320,48,44,40,71,40,77,sprites/757-salandit.png
758,Salazzle,"POISON
FIRE",480,68,64,60,111,60,117,sprites/758-salazzle.png
759,Stufful,"NORMAL
FIGHTING",340,70,75,50,45,50,50,sprites/759-stufful.png
760,Bewear,"NORMAL
FIGHTING",500,120,125,80,55,60,60,sprites/760-bewear.png
761,Bounsweet,GRASS,210,42,30,38,30,38,32,sprites/761-bounsweet.png
762,Steenee,GRASS,290,52,40,48,40,48,62,sprites/762-steenee.png
763,Tsareena,GRASS,510,72,120,98,50,98,72,sprites/763-tsareena.png
764,Comfey,FAIRY,485,51,52,90,82,110,100,sprites/764-comfey.png
765,Oranguru,"NORMAL
PSYCHIC",490,90,60,80,90,110,60,sprites/765-oranguru.png
766,Passimian,FIGHTING,490,100,120,90,40,60,80,sprites/766-passimian.png
767,Wimpod,"BUG
WATER",230,25,35,40,20,30,80,sprites/767-wimpod.png
768,Golisopod,"BUG
WATER",530,75,125,140,60,90,40,sprites/768-golisopod.png
769,Sandygast,"GHOST
GROUND",320,55,55,80,70,45,15,sprites/769-sandygast.png
770,Palossand,"GHOST
GROUND",480,85,75,110,100,75,35,sprites/770-palossand.png
771,Pyukumuku,WATER,410,55,60,130,30,130,5,sprites/771-pyukumuku.png
772,Type: Null,NORMAL,534,95,95,95,95,95,59,sprites/772-typenull.png
773,Silvally,NORMAL,570,95,95,95,95,95,95,sprites/773-silvally.png
774,"Minior
Meteor Form","ROCK
FLYING",440,60,60,100,60,100,60,sprites/774-minior-meteor.png
774,"Minior
Core Form","ROCK
FLYING",500,60,100,60,100,60,120,sprites/774-minior.png
775,Komala,NORMAL,480,65,115,65,75,95,65,sprites/775-komala.png
776,Turtonator,"FIRE
DRAGON",485,60,78,135,91,85,36,sprites/776-turtonator.png
777,Togedemaru,"ELECTRIC
STEEL",435,65,98,63,40,73,96,sprites/777-togedemaru.png
778,Mimikyu,"GHOST
FAIRY",476,55,90,80,50,105,96,sprites/778-mimikyu.png
779,Bruxish,"WATER
PSYCHIC",475,68,105,70,70,70,92,sprites/779-bruxish.png
780,Drampa,"NORMAL
DRAGON",485,78,60,85,135,91,36,sprites/780-drampa.png
781,Dhelmise,"GHOST
GRASS",517,70,131,100,86,90,40,sprites/781-dhelmise.png
782,Jangmo-o,DRAGON,300,45,55,65,45,45,45,sprites/782-jangmoo.png
783,Hakamo-o,"DRAGON
FIGHTING",420,55,75,90,65,70,65,sprites/783-hakamoo.png
784,Kommo-o,"DRAGON
FIGHTING",600,75,110,125,100,105,85,sprites/784-kommoo.png
785,Tapu Koko,"ELECTRIC
FAIRY",570,70,115,85,95,75,130,sprites/785-tapukoko.png
786,Tapu Lele,"PSYCHIC
FAIRY",570,70,85,75,130,115,95,sprites/786-tapulele.png
787,Tapu Bulu,"GRASS
FAIRY",570,70,130,115,85,95,75,sprites/787-tapubulu.png
788,Tapu Fini,"WATER
FAIRY",570,70,75,115,95,130,85,sprites/788-tapufini.png
789,Cosmog,PSYCHIC,200,43,29,31,29,31,37,sprites/789-cosmog.png
790,Cosmoem,PSYCHIC,400,43,29,131,29,131,37,sprites/790-cosmoem.png
791,Solgaleo,"PSYCHIC
STEEL",680,137,137,107,113,89,97,sprites/791-solgaleo.png
792,Lunala,"PSYCHIC
GHOST",680,137,113,89,137,107,97,sprites/792-lunala.png
793,Nihilego,"ROCK
POISON",570,109,53,47,127,131,103,sprites/793-nihilego.png
794,Buzzwole,"BUG
FIGHTING",570,107,139,139,53,53,79,sprites/794-buzzwole.png
795,Pheromosa,"BUG
FIGHTING",570,71,137,37,137,37,151,sprites/795-pheromosa.png
796,Xurkitree,ELECTRIC,570,83,89,71,173,71,83,sprites/796-xurkitree.png
797,Celesteela,"STEEL
FLYING",570,97,101,103,107,101,61,sprites/797-celesteela.png
798,Kartana,"GRASS
STEEL",570,59,181,131,59,31,109,sprites/798-kartana.png
799,Guzzlord,"DARK
DRAGON",570,223,101,53,97,53,43,sprites/799-guzzlord.png
800,Necrozma,PSYCHIC,600,97,107,101,127,89,79,sprites/800-necrozma.png
800,Dusk Mane Necrozma,"PSYCHIC
STEEL",680,97,157,127,113,109,77,sprites/800-necrozma-duskmane.png
800,Dawn Wings Necrozma,"PSYCHIC
GHOST",680,97,113,109,157,127,77,sprites/800-necrozma-dawnwings.png
800,Ultra Necrozma,"PSYCHIC
DRAGON",754,97,167,97,167,97,129,sprites/800-necrozma-ultra.png
801,Magearna,"STEEL
FAIRY",600,80,95,115,130,115,65,sprites/801-magearna.png
802,Marshadow,"FIGHTING
GHOST",600,90,125,80,90,90,125,sprites/802-marshadow.png
803,Poipole,POISON,420,67,73,67,73,67,73,sprites/803-poipole.png
804,Naganadel,"POISON
DRAGON",540,73,73,73,127,73,121,sprites/804-naganadel.png
805,Stakataka,"ROCK
STEEL",570,61,131,211,53,101,13,sprites/805-stakataka.png
806,Blacephalon,"FIRE
GHOST",570,53,127,53,151,79,107,sprites/806-blacephalon.png
807,Zeraora,ELECTRIC,600,88,112,75,102,80,143,sprites/807-zeraora.png
808,Meltan,STEEL,300,46,65,65,55,35,34,sprites/808-meltan.png
809,Melmetal,STEEL,600,135,143,143,80,65,34,sprites/809-melmetal.png
810,Grookey,GRASS,310,50,65,50,40,40,65,sprites/810-grookey.png
811,Thwackey,GRASS,420,70,85,70,55,60,80,sprites/811-thwackey.png
812,Rillaboom,GRASS,530,100,125,90,60,70,85,sprites/812-rillaboom.png
813,Scorbunny,FIRE,310,50,71,40,40,40,69,sprites/813-scorbunny.png
814,Raboot,FIRE,420,65,86,60,55,60,94,sprites/814-raboot.png
815,Cinderace,FIRE,530,80,116,75,65,75,119,sprites/815-cinderace.png
816,Sobble,WATER,310,50,40,40,70,40,70,sprites/816-sobble.png
817,Drizzile,WATER,420,65,60,55,95,55,90,sprites/817-drizzile.png
818,Inteleon,WATER,530,70,85,65,125,65,120,sprites/818-inteleon.png
819,Skwovet,NORMAL,275,70,55,55,35,35,25,sprites/819-skwovet.png
820,Greedent,NORMAL,460,120,95,95,55,75,20,sprites/820-greedent.png
821,Rookidee,FLYING,245,38,47,35,33,35,57,sprites/821-rookidee.png
822,Corvisquire,FLYING,365,68,67,55,43,55,77,sprites/822-corvisquire.png
823,Corviknight,"FLYING
STEEL",495,98,87,105,53,85,67,sprites/823-corviknight.png
824,Blipbug,BUG,180,25,20,20,25,45,45,sprites/824-blipbug.png
825,Dottler,"BUG
PSYCHIC",335,50,35,80,50,90,30,sprites/825-dottler.png
826,Orbeetle,"BUG
PSYCHIC",505,60,45,110,80,120,90,sprites/826-orbeetle.png
827,Nickit,DARK,245,40,28,28,47,52,50,sprites/827-nickit.png
828,Thievul,DARK,455,70,58,58,87,92,90,sprites/828-thievul.png
829,Gossifleur,GRASS,250,40,40,60,40,60,10,sprites/829-gossifleur.png
830,Eldegoss,GRASS,460,60,50,90,80,120,60,sprites/830-eldegoss.png
831,Wooloo,NORMAL,270,42,40,55,40,45,48,sprites/831-wooloo.png
832,Dubwool,NORMAL,490,72,80,100,60,90,88,sprites/832-dubwool.png
833,Chewtle,WATER,284,50,64,50,38,38,44,sprites/833-chewtle.png
834,Drednaw,"WATER
ROCK",485,90,115,90,48,68,74,sprites/834-drednaw.png
835,Yamper,ELECTRIC,270,59,45,50,40,50,26,sprites/835-yamper.png
836,Boltund,ELECTRIC,490,69,90,60,90,60,121,sprites/836-boltund.png
837,Rolycoly,ROCK,240,30,40,50,40,50,30,sprites/837-rolycoly.png
838,Carkol,"ROCK
FIRE",410,80,60,90,60,70,50,sprites/838-carkol.png
839,Coalossal,"ROCK
FIRE",510,110,80,120,80,90,30,sprites/839-coalossal.png
840,Applin,"GRASS
DRAGON",260,40,40,80,40,40,20,sprites/840-applin.png
841,Flapple,"GRASS
DRAGON",485,70,110,80,95,60,70,sprites/841-flapple.png
842,Appletun,"GRASS
DRAGON",485,110,85,80,100,80,30,sprites/842-appletun.png
843,Silicobra,GROUND,315,52,57,75,35,50,46,sprites/843-silicobra.png
844,Sandaconda,GROUND,510,72,107,125,65,70,71,sprites/844-sandaconda.png
845,Cramorant,"FLYING
WATER",475,70,85,55,85,95,85,sprites/845-cramorant.png
846,Arrokuda,WATER,280,41,63,40,40,30,66,sprites/846-arrokuda.png
847,Barraskewda,WATER,490,61,123,60,60,50,136,sprites/847-barraskewda.png
848,Toxel,"ELECTRIC
POISON",242,40,38,35,54,35,40,sprites/848-toxel.png
849,"Toxtricity
Amped Form","ELECTRIC
POISON",502,75,98,70,114,70,75,sprites/849-toxtricity.png
849,"Toxtricity
Low Key Form","ELECTRIC
POISON",502,75,98,70,114,70,75,sprites/849-toxtricity-lowkey.png
850,Sizzlipede,"FIRE
BUG",305,50,65,45,50,50,45,sprites/850-sizzlipede.png
851,Centiskorch,"FIRE
BUG",525,100,115,65,90,90,65,sprites/851-centiskorch.png
852,Clobbopus,FIGHTING,310,50,68,60,50,50,32,sprites/852-clobbopus.png
853,Grapploct,FIGHTING,480,80,118,90,70,80,42,sprites/853-grapploct.png
854,Sinistea,GHOST,308,40,45,45,74,54,50,sprites/854-sinistea.png
855,Polteageist,GHOST,508,60,65,65,134,114,70,sprites/855-polteageist.png
856,Hatenna,PSYCHIC,265,42,30,45,56,53,39,sprites/856-hatenna.png
857,Hattrem,PSYCHIC,370,57,40,65,86,73,49,sprites/857-hattrem.png
858,Hatterene,"PSYCHIC
FAIRY",510,57,90,95,136,103,29,sprites/858-hatterene.png
859,Impidimp,"DARK
FAIRY",265,45,45,30,55,40,50,sprites/859-impidimp.png
860,Morgrem,"DARK
FAIRY",370,65,60,45,75,55,70,sprites/860-morgrem.png
861,Grimmsnarl,"DARK
FAIRY",510,95,120,65,95,75,60,sprites/861-grimmsnarl.png
862,Obstagoon,"DARK
NORMAL",520,93,90,101,60,81,95,sprites/862-obstagoon.png
863,Perrserker,STEEL,440,70,110,100,50,60,50,sprites/863-perrserker.png
864,Cursola,GHOST,510,60,95,50,145,130,30,sprites/864-cursola.png
865,Sirfetch'd,FIGHTING,507,62,135,95,68,82,65,sprites/865-sirfetchd.png
866,Mr. Rime,"ICE
PSYCHIC",520,80,85,75,110,100,70,sprites/866-mrrime.png
867,Runerigus,"GROUND
GHOST",483,58,95,145,50,105,30,sprites/867-runerigus.png
868,Milcery,FAIRY,270,45,40,40,50,61,34,sprites/868-milcery.png
869,Alcremie,FAIRY,495,65,60,75,110,121,64,sprites/869-alcremie.png
870,Falinks,FIGHTING,470,65,100,100,70,60,75,sprites/870-falinks.png
871,Pincurchin,ELECTRIC,435,48,101,95,91,85,15,sprites/871-pincurchin.png
872,Snom,"ICE
BUG",185,30,25,35,45,30,20,sprites/872-snom.png
873,Frosmoth,"ICE
BUG",475,70,65,60,125,90,65,sprites/873-frosmoth.png
874,Stonjourner,ROCK,470,100,125,135,20,20,70,sprites/874-stonjourner.png
875,"Eiscue
Ice Face",ICE,470,75,80,110,65,90,50,sprites/875-eiscue.png
875,"Eiscue
Noice Face",ICE,470,75,80,70,65,50,130,sprites/875-eiscue-noice.png
876,"Indeedee
Male","PSYCHIC
NORMAL",475,60,65,55,105,95,95,sprites/876-indeedee.png
876,Indeedee Female,"PSYCHIC
NORMAL",475,70,55,65,95,105,85,sprites/876-indeedee-f.png
877,"Morpeko
Full Belly Mode","ELECTRIC
DARK",436,58,95,58,70,58,97,sprites/877-morpeko.png
877,"Morpeko
Hangry Mode","ELECTRIC
DARK",436,58,95,58,70,58,97,sprites/877-morpeko-hangry.png
878,Cufant,STEEL,330,72,80,49,40,49,40,sprites/878-cufant.png
879,Copperajah,STEEL,500,122,130,69,80,69,30,sprites/879-copperajah.png
880,Dracozolt,"ELECTRIC
DRAGON",505,90,100,90,80,70,75,sprites/880-dracozolt.png
881,Arctozolt,"ELECTRIC
ICE",505,90,100,90,90,80,55,sprites/881-arctozolt.png
882,Dracovish,"WATER
DRAGON",505,90,90,100,70,80,75,sprites/882-dracovish.png
883,Arctovish,"WATER
ICE",505,90,90,100,80,90,55,sprites/883-arctovish.png
884,Duraludon,"STEEL
DRAGON",535,70,95,115,120,50,85,sprites/884-duraludon.png
885,Dreepy,"DRAGON
GHOST",270,28,60,30,40,30,82,sprites/885-dreepy.png
886,Drakloak,"DRAGON
GHOST",410,68,80,50,60,50,102,sprites/886-drakloak.png
887,Dragapult,"DRAGON
GHOST",600,88,120,75,100,75,142,sprites/887-dragapult.png
888,"Zacian
Hero of Many Battles",FAIRY,660,92,120,115,80,115,138,sprites/888-zacian.png
888,"Zacian
Crowned Sword","FAIRY
STEEL",700,92,150,115,80,115,148,sprites/888-zacian-crowned.png
889,"Zamazenta
Hero of Many Battles",FIGHTING,660,92,120,115,80,115,138,sprites/889-zamazenta.png
889,"Zamazenta
Crowned Shield","FIGHTING
STEEL",700,92,120,140,80,140,128,sprites/889-zamazenta-crowned.png
890,Eternatus,"POISON
DRAGON",690,140,85,95,145,95,130,sprites/890-eternatus.png
890,"Eternatus
Eternamax","POISON
DRAGON",1125,255,115,250,125,250,130,sprites/890-eternatus-eternamax.png
891,Kubfu,FIGHTING,385,60,90,60,53,50,72,sprites/891-kubfu.png
892,"Urshifu
Single Strike Style","FIGHTING
DARK",550,100,130,100,63,60,97,sprites/892-urshifu.png
892,"Urshifu
Rapid Strike Style","FIGHTING
WATER",550,100,130,100,63,60,97,sprites/892-urshifu-rapidstrike.png
893,Zarude,"DARK
GRASS",600,105,120,105,70,95,105,sprites/893-zarude.png
894,Regieleki,ELECTRIC,580,80,100,50,100,50,200,sprites/894-regieleki.png
895,Regidrago,DRAGON,580,200,100,50,100,50,80,sprites/895-regidrago.png
896,Glastrier,ICE,580,100,145,130,65,110,30,sprites/896-glastrier.png
897,Spectrier,GHOST,580,100,65,60,145,80,130,sprites/897-spectrier.png
898,Calyrex,"PSYCHIC
GRASS",500,100,80,80,80,80,80,sprites/898-calyrex.png
898,"Calyrex
Ice Rider","PSYCHIC
ICE",680,100,165,150,85,130,50,sprites/898-calyrex-ice.png
898,"Calyrex
Shadow Rider","PSYCHIC
GHOST",680,100,85,80,165,100,150,sprites/898-calyrex-shadow.png
899,Wyrdeer,"NORMAL
PSYCHIC",525,103,105,72,105,75,65,sprites/899-wyrdeer.png
900,Kleavor,"BUG
ROCK",500,70,135,95,45,70,85,sprites/900-kleavor.png
901,Ursaluna,"GROUND
NORMAL",550,130,140,105,45,80,50,sprites/901-ursaluna.png
901,"Ursaluna
Bloodmoon","GROUND
NORMAL",555,113,70,120,135,65,52,sprites/901-ursaluna-bloodmoon.png
902,"Basculegion
Male","WATER
GHOST",530,120,112,65,80,75,78,sprites/902-basculegion.png
902,Basculegion Female,"WATER
GHOST",530,120,92,65,100,75,78,sprites/902-basculegion.png
903,Sneasler,"FIGHTING
POISON",510,80,130,60,40,80,120,sprites/903-sneasler.png
904,Overqwil,"DARK
POISON",510,85,115,95,65,65,85,sprites/904-overqwil.png
905,"Enamorus
Incarnate Forme","FAIRY
FLYING",580,74,115,70,135,80,106,sprites/905-enamorus.png
905,"Enamorus
Therian Forme","FAIRY
FLYING",580,74,115,110,135,100,46,sprites/905-enamorus-therian.png
906,Sprigatito,GRASS,310,40,61,54,45,45,65,sprites/906-sprigatito.png
907,Floragato,GRASS,410,61,80,63,60,63,83,sprites/907-floragato.png
908,Meowscarada,"GRASS
DARK",530,76,110,70,81,70,123,sprites/908-meowscarada.png
909,Fuecoco,FIRE,310,67,45,59,63,40,36,sprites/909-fuecoco.png
910,Crocalor,FIRE,411,81,55,78,90,58,49,sprites/910-crocalor.png
911,Skeledirge,"FIRE
GHOST",530,104,75,100,110,75,66,sprites/911-skeledirge.png
912,Quaxly,WATER,310,55,65,45,50,45,50,sprites/912-quaxly.png
913,Quaxwell,WATER,410,70,85,65,65,60,65,sprites/913-quaxwell.png
914,Quaquaval,"WATER
FIGHTING",530,85,120,80,85,75,85,sprites/914-quaquaval.png
915,Lechonk,NORMAL,254,54,45,40,35,45,35,sprites/915-lechonk.png
916,"Oinkologne
Male",NORMAL,489,110,100,75,59,80,65,sprites/916-oinkologne.png
916,Oinkologne Female,NORMAL,489,115,90,70,59,90,65,sprites/916-oinkologne-f.png
917,Tarountula,BUG,210,35,41,45,29,40,20,sprites/917-tarountula.png
918,Spidops,BUG,404,60,79,92,52,86,35,sprites/918-spidops.png
919,Nymble,BUG,210,33,46,40,21,25,45,sprites/919-nymble.png
920,Lokix,"BUG
DARK",450,71,102,78,52,55,92,sprites/920-lokix.png
921,Pawmi,ELECTRIC,240,45,50,20,40,25,60,sprites/921-pawmi.png
922,Pawmo,"ELECTRIC
FIGHTING",350,60,75,40,50,40,85,sprites/922-pawmo.png
923,Pawmot,"ELECTRIC
FIGHTING",490,70,115,70,70,60,105,sprites/923-pawmot.png
924,Tandemaus,NORMAL,305,50,50,45,40,45,75,sprites/924-tandemaus.png
925,"Maushold
Family of Four",NORMAL,470,74,75,70,65,75,111,sprites/925-maushold.png
925,"Maushold
Family of Three",NORMAL,470,74,75,70,65,75,111,sprites/925-maushold-four.png
926,Fidough,FAIRY,312,37,55,70,30,55,65,sprites/926-fidough.png
927,Dachsbun,FAIRY,477,57,80,115,50,80,95,sprites/927-dachsbun.png
928,Smoliv,"GRASS
NORMAL",260,41,35,45,58,51,30,sprites/928-smoliv.png
929,Dolliv,"GRASS
NORMAL",354,52,53,60,78,78,33,sprites/929-dolliv.png
930,Arboliva,"GRASS
NORMAL",510,78,69,90,125,109,39,sprites/930-arboliva.png
931,"Squawkabilly
Green Plumage","NORMAL
FLYING",417,82,96,51,45,51,92,sprites/931-squawkabilly.png
931,"Squawkabilly
Blue Plumage","NORMAL
FLYING",417,82,96,51,45,51,92,sprites/931-squawkabilly-blue.png
931,"Squawkabilly
Yellow Plumage","NORMAL
FLYING",417,82,96,51,45,51,92,sprites/931-squawkabilly-yellow.png
931,"Squawkabilly
White Plumage","NORMAL
FLYING",417,82,96,51,45,51,92,sprites/931-squawkabilly-white.png
932,Nacli,ROCK,280,55,55,75,35,35,25,sprites/932-nacli.png
933,Naclstack,ROCK,355,60,60,100,35,65,35,sprites/933-naclstack.png
934,Garganacl,ROCK,500,100,100,130,45,90,35,sprites/934-garganacl.png
935,Charcadet,FIRE,255,40,50,40,50,40,35,sprites/935-charcadet.png
936,Armarouge,"FIRE
PSYCHIC",525,85,60,100,125,80,75,sprites/936-armarouge.png
937,Ceruledge,"FIRE
GHOST",525,75,125,80,60,100,85,sprites/937-ceruledge.png
938,Tadbulb,ELECTRIC,272,61,31,41,59,35,45,sprites/938-tadbulb.png
939,Bellibolt,ELECTRIC,495,109,64,91,103,83,45,sprites/939-bellibolt.png
940,Wattrel,"ELECTRIC
FLYING",280,40,40,35,55,40,70,sprites/940-wattrel.png
941,Kilowattrel,"ELECTRIC
FLYING",490,70,70,60,105,60,125,sprites/941-kilowattrel.png
942,Maschiff,DARK,340,60,78,60,40,51,51,sprites/942-maschiff.png
943,Mabosstiff,DARK,505,80,120,90,60,70,85,sprites/943-mabosstiff.png
944,Shroodle,"POISON
NORMAL",290,40,65,35,40,35,75,sprites/944-shroodle.png
945,Grafaiai,"POISON
NORMAL",485,63,95,65,80,72,110,sprites/945-grafaiai.png
946,Bramblin,"GRASS
GHOST",275,40,65,30,45,35,60,sprites/946-bramblin.png
947,Brambleghast,"GRASS
GHOST",480,55,115,70,80,70,90,sprites/947-brambleghast.png
948,Toedscool,"GROUND
GRASS",335,40,40,35,50,100,70,sprites/948-toedscool.png
949,Toedscruel,"GROUND
GRASS",515,80,70,65,80,120,100,sprites/949-toedscruel.png
950,Klawf,ROCK,450,70,100,115,35,55,75,sprites/950-klawf.png
951,Capsakid,GRASS,304,50,62,40,62,40,50,sprites/951-capsakid.png
952,Scovillain,"GRASS
FIRE",486,65,108,65,108,65,75,sprites/952-scovillain.png
953,Rellor,BUG,270,41,50,60,31,58,30,sprites/953-rellor.png
954,Rabsca,"BUG
PSYCHIC",470,75,50,85,115,100,45,sprites/954-rabsca.png
955,Flittle,PSYCHIC,255,30,35,30,55,30,75,sprites/955-flittle.png
956,Espathra,PSYCHIC,481,95,60,60,101,60,105,sprites/956-espathra.png
957,Tinkatink,"FAIRY
STEEL",297,50,45,45,35,64,58,sprites/957-tinkatink.png
958,Tinkatuff,"FAIRY
STEEL",380,65,55,55,45,82,78,sprites/958-tinkatuff.png
959,Tinkaton,"FAIRY
STEEL",506,85,75,77,70,105,94,sprites/959-tinkaton.png
960,Wiglett,WATER,245,10,55,25,35,25,95,sprites/960-wiglett.png
961,Wugtrio,WATER,425,35,100,50,50,70,120,sprites/961-wugtrio.png
962,Bombirdier,"FLYING
DARK",485,70,103,85,60,85,82,sprites/962-bombirdier.png
963,Finizen,WATER,315,70,45,40,45,40,75,sprites/963-finizen.png
964,"Palafin
Zero Form",WATER,457,100,70,72,53,62,100,sprites/964-palafin.png
964,"Palafin
Hero Form",WATER,650,100,160,97,106,87,100,sprites/964-palafin-hero-form.png
965,Varoom,"STEEL
POISON",300,45,70,63,30,45,47,sprites/965-varoom.png
966,Revavroom,"STEEL
POISON",500,80,119,90,54,67,90,sprites/966-revavroom.png
967,Cyclizar,"DRAGON
NORMAL",501,70,95,65,85,65,121,sprites/967-cyclizar.png
968,Orthworm,STEEL,480,70,85,145,60,55,65,sprites/968-orthworm.png
969,Glimmet,"ROCK
POISON",350,48,35,42,105,60,60,sprites/969-glimmet.png
970,Glimmora,"ROCK
POISON",525,83,55,90,130,81,86,sprites/970-glimmora.png
971,Greavard,GHOST,290,50,61,60,30,55,34,sprites/971-greavard.png
972,Houndstone,GHOST,488,72,101,100,50,97,68,sprites/972-houndstone.png
973,Flamigo,"FLYING
FIGHTING",500,82,115,74,75,64,90,sprites/973-flamigo.png
974,Cetoddle,ICE,334,108,68,45,30,40,43,sprites/974-cetoddle.png
975,Cetitan,ICE,521,170,113,65,45,55,73,sprites/975-cetitan.png
976,Veluza,"WATER
PSYCHIC",478,90,102,73,78,65,70,sprites/976-veluza.png
977,Dondozo,WATER,530,150,100,115,65,65,35,sprites/977-dondozo.png
978,"Tatsugiri
Curly Form","DRAGON
WATER",475,68,50,60,120,95,82,sprites/978-tatsugiri.png
978,"Tatsugiri
Droopy Form","DRAGON
WATER",475,68,50,60,120,95,82,sprites/978-tatsugiri-droopy.png
978,"Tatsugiri
Stretchy Form","DRAGON
WATER",475,68,50,60,120,95,82,sprites/978-tatsugiri-stretchy.png
979,Annihilape,"FIGHTING
GHOST",535,110,115,80,50,90,90,sprites/979-annihilape.png
980,Clodsire,"POISON
GROUND",430,130,75,60,45,100,20,sprites/980-clodsire.png
981,Farigiraf,"NORMAL
PSYCHIC",520,120,90,70,110,70,60,sprites/981-farigiraf.png
982,"Dudunsparce
Two-Segment Form",NORMAL,520,125,100,80,85,75,55,sprites/982-dudunsparce.png
982,"Dudunsparce
Three-Segment Form",NORMAL,520,125,100,80,85,75,55,sprites/982-dudunsparce-threesegment.png
983,Kingambit,"DARK
STEEL",550,100,135,120,60,85,50,sprites/983-kingambit.png
984,Great Tusk,"GROUND
FIGHTING",570,115,131,131,53,53,87,sprites/984-greattusk.png
985,Scream Tail,"FAIRY
PSYCHIC",570,115,65,99,65,115,111,sprites/985-screamtail.png
986,Brute Bonnet,"GRASS
DARK",570,111,127,99,79,99,55,sprites/986-brutebonnet.png
987,Flutter Mane,"GHOST
FAIRY",570,55,55,55,135,135,135,sprites/987-fluttermane.png
988,Slither Wing,"BUG
FIGHTING",570,85,135,79,85,105,81,sprites/988-slitherwing.png
989,Sandy Shocks,"ELECTRIC
GROUND",570,85,81,97,121,85,101,sprites/989-sandyshocks.png
990,Iron Treads,"GROUND
STEEL",570,90,112,120,72,70,106,sprites/990-irontreads.png
991,Iron Bundle,"ICE
WATER",570,56,80,114,124,60,136,sprites/991-ironbundle.png
992,Iron Hands,"FIGHTING
ELECTRIC",570,154,140,108,50,68,50,sprites/992-ironhands.png
993,Iron Jugulis,"DARK
FLYING",570,94,80,86,122,80,108,sprites/993-ironjugulis.png
994,Iron Moth,"FIRE
POISON",570,80,70,60,140,110,110,sprites/994-ironmoth.png
995,Iron Thorns,"ROCK
ELECTRIC",570,100,134,110,70,84,72,sprites/995-ironthorns.png
996,Frigibax,"DRAGON
ICE",320,65,75,45,35,45,55,sprites/996-frigibax.png
997,Arctibax,"DRAGON
ICE",423,90,95,66,45,65,62,sprites/997-arctibax.png
998,Baxcalibur,"DRAGON
ICE",600,115,145,92,75,86,87,sprites/998-baxcalibur.png
999,"Gimmighoul
Chest Form",GHOST,300,45,30,70,75,70,10,sprites/999-gimmighoul.png
999,"Gimmighoul
Roaming Form",GHOST,300,45,30,25,75,45,80,sprites/999-gimmighoul-roaming.png
1000,Gholdengo,"STEEL
GHOST",550,87,60,95,133,91,84,sprites/1000-gholdengo.png
1001,Wo-Chien,"DARK
GRASS",570,85,85,100,95,135,70,sprites/1001-wochien.png
1002,Chien-Pao,"DARK
ICE",570,80,120,80,90,65,135,sprites/1002-chienpao.png
1003,Ting-Lu,"DARK
GROUND",570,155,110,125,55,80,45,sprites/1003-tinglu.png
1004,Chi-Yu,"DARK
FIRE",570,55,80,80,135,120,100,sprites/1004-chiyu.png
1005,Roaring Moon,"DRAGON
DARK",590,105,139,71,55,101,119,sprites/1005-roaringmoon.png
1006,Iron Valiant,"FAIRY
FIGHTING",590,74,130,90,120,60,116,sprites/1006-ironvaliant.png
1007,Koraidon,"FIGHTING
DRAGON",670,100,135,115,85,100,135,sprites/1007-koraidon.png
1008,Miraidon,"ELECTRIC
DRAGON",670,100,85,100,135,115,135,sprites/1008-miraidon.png
1009,Walking Wake,"WATER
DRAGON",590,99,83,91,125,83,109,sprites/1009-walkingwake.png
1010,Iron Leaves,"GRASS
PSYCHIC",590,90,130,88,70,108,104,sprites/1010-ironleaves.png
1011,Dipplin,"GRASS
DRAGON",485,80,80,110,95,80,40,sprites/1011-dipplin.png
1012,Poltchageist,"GRASS
GHOST",308,40,45,45,74,54,50,sprites/1012-poltchageist.png
1013,Sinistcha,"GRASS
GHOST",508,71,60,106,121,80,70,sprites/1013-sinistcha.png
1014,Okidogi,"POISON
FIGHTING",555,88,128,115,58,86,80,sprites/1014-okidogi.png
1015,Munkidori,"POISON
PSYCHIC",555,88,75,66,130,90,106,sprites/1015-munkidori.png
1016,Fezandipiti,"POISON
FAIRY",555,88,91,82,70,125,99,sprites/1016-fezandipiti.png
1017,"Ogerpon
Cornerstone Mask","GRASS
ROCK",550,80,120,84,60,96,110,sprites/1017-ogerpon-cornerstone.png
1017,"Ogerpon
Hearthflame Mask","GRASS
FIRE",550,80,120,84,60,96,110,sprites/1017-ogerpon-hearthflame.png
1017,"Ogerpon
Teal Mask",GRASS,550,80,120,84,60,96,110,sprites/1017-ogerpon-teal.png
1017,"Ogerpon
Wellspring Mask","GRASS
WATER",550,80,120,84,60,96,110,sprites/1017-ogerpon-wellspring.png
1018,Archaludon,"STEEL
DRAGON",600,90,105,130,125,65,85,sprites/1018-archaludon.png
1019,Hydrapple,"GRASS
DRAGON",540,106,80,110,120,80,44,sprites/1019-hydrapple.png
1020,Gouging Fire,"FIRE
DRAGON",590,105,115,121,65,93,91,sprites/1020-gougingfire.png
1021,Raging Bolt,"ELECTRIC
DRAGON",590,125,73,91,137,89,75,sprites/1021-ragingbolt.png
1022,Iron Boulder,"ROCK
PSYCHIC",590,90,120,80,68,108,124,sprites/1022-ironboulder.png
1023,Iron Crown,"STEEL
PSYCHIC",590,90,72,100,122,108,98,sprites/1023-ironcrown.png
1024,"Terapagos
Normal Form",NORMAL,450,90,65,85,65,85,60,sprites/1024-terapagos-normal.png
1024,"Terapagos
Terastal Form",NORMAL,600,95,95,110,105,110,85,sprites/1024-terapagos-terastal.png
1024,"Terapagos
Stellar Form",STELLAR,700,160,105,110,130,110,85,sprites/1024-terapagos-stellar.png
1025,Pecharunt,"POISON
GHOST",600,88,88,160,88,88,88,sprites/1025-pecharunt.png
